Date (GMT),Open,Last,emaTrend,trendBrDana,FutureReturn,FutureEmaTrend,FutureTrendBrDana
2019-01-02,6.546,6.706,0,0,0.637999999999999,1.0,0.0
2019-01-03,6.667999999999999,6.65,-1,0,0.9699999999999998,1.0,0.0
2019-01-04,6.522,6.73,1,0,1.1199999999999992,1.0,0.0
2019-01-07,6.784,6.882000000000001,1,0,0.7209999999999992,1.0,0.0
2019-01-08,6.9879999999999995,6.949,1,0,0.7089999999999996,1.0,0.0
2019-01-09,7.06,7.1,1,0,0.649,1.0,0.0
2019-01-10,6.914,6.978,1,0,0.7610000000000001,1.0,0.0
2019-01-11,6.97,6.9670000000000005,1,0,0.43299999999999983,-1.0,0.0
2019-01-14,6.976,7.104,1,0,0.5280000000000005,1.0,0.0
2019-01-15,7.2410000000000005,7.343,1,0,0.39700000000000024,1.0,0.0
2019-01-16,7.367999999999999,7.343999999999999,1,0,0.10400000000000009,-1.0,0.0
2019-01-17,7.586,7.62,1,0,-0.5360000000000005,-1.0,0.0
2019-01-18,7.78,7.85,1,0,-0.5039999999999996,-1.0,0.0
2019-01-22,7.66,7.603,1,0,-0.4350000000000005,-1.0,0.0
2019-01-23,7.664,7.6579999999999995,1,0,-0.9519999999999991,-1.0,0.0
2019-01-24,7.756,7.749,1,0,-1.0969999999999995,-1.0,0.0
2019-01-25,7.7620000000000005,7.739,1,0,-1.1629999999999994,-1.0,0.0
2019-01-28,7.4639999999999995,7.4,-1,0,-0.8780000000000001,-1.0,0.0
2019-01-29,7.63,7.632000000000001,1,0,-1.0120000000000005,-1.0,0.0
2019-01-30,7.6,7.74,1,0,-0.9790000000000001,-1.0,0.0
2019-01-31,7.518,7.4479999999999995,-1,0,-0.7079999999999993,-1.0,0.0
2019-02-01,7.0489999999999995,7.084,-1,0,-0.3519999999999994,-1.0,0.0
2019-02-04,7.31,7.346,-1,0,-0.6739999999999995,-1.0,0.0
2019-02-05,7.156000000000001,7.167999999999999,-1,0,-0.49799999999999933,-1.0,0.0
2019-02-06,6.7379999999999995,6.706,-1,0,0.28199999999999914,1.0,0.0
2019-02-07,6.638,6.652,-1,0,0.4559999999999995,1.0,0.0
2019-02-08,6.49,6.5760000000000005,-1,0,0.3039999999999994,1.0,0.0
2019-02-11,6.596,6.522,-1,0,0.4319999999999995,1.0,0.0
2019-02-12,6.62,6.62,-1,0,0.49600000000000044,1.0,1.0
2019-02-13,6.776,6.761,-1,0,0.08899999999999952,-1.0,1.0
2019-02-14,6.71,6.74,-1,0,0.19399999999999995,1.0,1.0
2019-02-15,6.624,6.732,-1,0,0.010000000000000675,-1.0,1.0
2019-02-19,6.626,6.672000000000001,-1,0,0.137999999999999,-1.0,0.0
2019-02-20,6.66,6.67,-1,0,0.2599999999999998,1.0,0.0
2019-02-21,6.7379999999999995,6.9879999999999995,1,0,-0.2259999999999991,-1.0,0.0
2019-02-22,6.966,7.108,1,0,-0.42900000000000027,-1.0,0.0
2019-02-25,6.982,6.88,1,0,-0.12399999999999967,-1.0,0.0
2019-02-26,6.874,6.954,1,0,-0.09600000000000009,1.0,0.0
2019-02-27,7.11,7.1160000000000005,1,1,-0.14200000000000035,1.0,0.0
2019-02-28,6.88,6.85,-1,1,-0.05999999999999961,-1.0,0.0
2019-03-01,6.925,6.934,1,1,0.04999999999999982,1.0,0.0
2019-03-04,6.81,6.742000000000001,-1,1,0.4349999999999996,1.0,1.0
2019-03-05,6.796,6.81,-1,0,0.21300000000000008,1.0,1.0
2019-03-06,6.91,6.93,1,0,-0.10999999999999943,-1.0,0.0
2019-03-07,6.834,6.7620000000000005,-1,0,0.12399999999999967,-1.0,1.0
2019-03-08,6.656000000000001,6.678999999999999,-1,0,0.1410000000000009,-1.0,1.0
2019-03-11,6.67,6.756,-1,0,0.23000000000000043,1.0,0.0
2019-03-12,6.87,6.858,1,0,0.39200000000000035,1.0,1.0
2019-03-13,6.96,6.974,1,0,0.22599999999999998,1.0,1.0
2019-03-14,6.7829999999999995,6.79,-1,0,0.4370000000000003,1.0,1.0
2019-03-15,6.96,6.984,1,0,0.1899999999999995,1.0,0.0
2019-03-18,7.15,7.1770000000000005,1,1,0.045999999999999375,1.0,1.0
2019-03-19,7.058,7.023,1,1,0.16900000000000048,1.0,1.0
2019-03-20,6.806,6.82,-1,0,0.49439999999999973,1.0,1.0
2019-03-21,6.816,6.886,-1,1,0.4039999999999999,1.0,1.0
2019-03-22,6.88,6.82,-1,1,0.6539999999999999,1.0,1.0
2019-03-25,6.97,6.986000000000001,1,0,0.35199999999999854,1.0,1.0
2019-03-26,7.224,7.25,1,1,0.16600000000000037,1.0,1.0
2019-03-27,7.1979999999999995,7.2,1,1,0.2060000000000004,1.0,1.0
2019-03-28,7.22,7.227,1,1,0.12299999999999933,1.0,0.0
2019-03-29,7.16,7.1739999999999995,1,0,0.41600000000000037,1.0,0.0
2019-04-01,7.216,7.223,1,1,0.37099999999999955,1.0,0.0
2019-04-02,7.218,7.192,1,1,0.4640000000000004,1.0,0.0
2019-04-03,7.276,7.3144,1,1,0.42959999999999976,1.0,0.0
2019-04-04,7.297999999999999,7.29,1,1,1.4020000000000001,1.0,0.0
2019-04-05,7.4,7.474,1,1,1.113999999999999,1.0,0.0
2019-04-08,7.33,7.337999999999999,1,1,0.9440000000000008,1.0,0.0
2019-04-09,7.39,7.416,1,1,1.0239999999999991,1.0,0.0
2019-04-10,7.416,7.406000000000001,1,1,0.6440000000000001,1.0,0.0
2019-04-11,7.346,7.35,1,0,1.2599999999999998,1.0,0.0
2019-04-12,7.56,7.59,1,0,1.0860000000000003,1.0,0.0
2019-04-15,7.6339999999999995,7.593999999999999,1,0,1.0220000000000002,1.0,0.0
2019-04-16,7.702000000000001,7.656000000000001,1,0,0.9459999999999997,1.0,0.0
2019-04-17,7.77,7.744,1,0,0.843,1.0,0.0
2019-04-18,8.48,8.692,1,0,0.015000000000000568,1.0,0.0
2019-04-22,8.618,8.588,1,0,0.0840000000000014,1.0,0.0
2019-04-23,8.302,8.282,1,0,0.06599999999999895,-1.0,0.0
2019-04-24,8.484,8.44,1,0,0.05200000000000138,1.0,0.0
2019-04-25,8.212,8.05,1,0,0.3539999999999992,-1.0,0.0
2019-04-26,8.496,8.61,1,0,-0.08399999999999963,1.0,0.0
2019-04-29,8.55,8.676,1,0,-0.40800000000000125,-1.0,0.0
2019-04-30,8.564,8.616,1,0,-0.08800000000000097,1.0,0.0
2019-05-01,8.604,8.602,1,0,0.009999999999999787,1.0,1.0
2019-05-02,8.58,8.587,1,0,-0.10699999999999932,-1.0,0.0
2019-05-03,8.588,8.707,1,0,-0.2270000000000003,-1.0,0.0
2019-05-06,8.492,8.672,1,0,-0.11800000000000033,1.0,0.0
2019-05-07,8.398,8.347999999999999,-1,0,0.2900000000000009,1.0,0.0
2019-05-08,8.32,8.492,1,0,0.15799999999999947,1.0,0.0
2019-05-09,8.372,8.404,-1,0,0.27999999999999936,1.0,0.0
2019-05-10,8.35,8.526,1,0,0.3960000000000008,1.0,0.0
2019-05-13,8.436,8.267999999999999,-1,0,0.5600000000000005,1.0,1.0
2019-05-14,8.414,8.527999999999999,1,0,0.3020000000000014,1.0,0.0
2019-05-15,8.478,8.612,1,1,0.14400000000000013,1.0,0.0
2019-05-16,8.34,8.48,-1,0,0.34699999999999953,1.0,0.0
2019-05-17,8.506,8.48,-1,0,0.39199999999999946,1.0,0.0
2019-05-20,8.554,8.554,1,0,0.3119999999999994,1.0,0.0
2019-05-21,8.604,8.638,1,0,0.3019999999999996,1.0,0.0
2019-05-22,8.596,8.65,1,0,0.2779999999999987,1.0,0.0
2019-05-23,8.66,8.684,1,0,0.38400000000000034,1.0,0.0
2019-05-24,8.905,8.922,1,0,0.1559999999999988,1.0,0.0
2019-05-28,8.88,8.828,1,1,0.02999999999999936,-1.0,0.0
2019-05-29,8.936,8.83,1,0,-0.21000000000000085,-1.0,-1.0
2019-05-30,8.76,8.756,1,0,-0.14400000000000013,-1.0,-1.0
2019-05-31,8.986,8.827,1,0,-0.19699999999999918,-1.0,0.0
2019-06-03,8.882,8.872,1,0,-0.23599999999999888,-1.0,0.0
2019-06-04,8.798,8.866,1,0,-0.0259999999999998,1.0,-1.0
2019-06-05,8.96,8.94,1,0,-0.17999999999999972,-1.0,0.0
2019-06-06,8.94,8.927999999999999,1,0,0.06400000000000183,1.0,0.0
2019-06-07,9.064,9.068,1,0,-0.14599999999999902,1.0,0.0
2019-06-10,9.13,9.078,1,0,-0.17599999999999838,1.0,0.0
2019-06-11,9.088,8.857999999999999,-1,0,-0.04199999999999804,-1.0,0.0
2019-06-12,8.719,8.62,-1,-1,0.1800000000000015,-1.0,0.0
2019-06-13,8.612,8.612,-1,-1,0.4800000000000004,1.0,0.0
2019-06-14,8.65,8.63,-1,0,0.5239999999999991,1.0,0.0
2019-06-17,8.67,8.636000000000001,-1,0,0.6219999999999981,1.0,0.0
2019-06-18,8.75,8.84,1,-1,0.4060000000000006,1.0,0.0
2019-06-19,8.674,8.76,-1,0,0.6639999999999997,1.0,0.0
2019-06-20,9.02,8.992,1,0,0.3619999999999983,1.0,0.0
2019-06-21,8.968,8.922,1,0,0.4059999999999988,1.0,0.0
2019-06-24,8.904,8.902000000000001,1,0,0.379999999999999,1.0,0.0
2019-06-25,8.902000000000001,8.816,-1,0,0.7839999999999989,1.0,0.0
2019-06-26,8.906,8.8,-1,0,0.8609999999999989,1.0,0.0
2019-06-27,9.029,9.092,1,0,0.5535999999999994,1.0,0.0
2019-06-28,9.128,9.154,1,0,0.46799999999999997,1.0,0.0
2019-07-01,9.3,9.258,1,0,0.27200000000000024,1.0,0.0
2019-07-02,9.254,9.246,1,0,0.24600000000000044,1.0,0.0
2019-07-03,9.36,9.424,1,0,0.1720000000000006,1.0,0.0
2019-07-05,9.304,9.354,1,0,0.15399999999999991,1.0,0.0
2019-07-08,9.35,9.328,1,0,0.012000000000000455,-1.0,0.0
2019-07-09,9.234,9.282,1,0,-0.038000000000000256,-1.0,0.0
2019-07-10,9.408,9.6,1,0,-0.379999999999999,-1.0,-1.0
2019-07-11,9.66,9.661,1,0,-0.4969999999999999,-1.0,-1.0
2019-07-12,9.664,9.6456,1,0,-0.4016000000000002,-1.0,-1.0
2019-07-15,9.652000000000001,9.622,1,0,-0.31599999999999895,-1.0,-1.0
2019-07-16,9.599,9.53,1,0,-0.3699999999999992,-1.0,-1.0
2019-07-17,9.554,9.492,1,0,-0.25400000000000134,-1.0,0.0
2019-07-18,9.452,9.596,1,0,-0.12399999999999878,1.0,-1.0
2019-07-19,9.568,9.508,1,0,-0.20199999999999818,-1.0,-1.0
2019-07-22,9.368,9.34,-1,0,-0.3000000000000007,-1.0,-1.0
2019-07-23,9.25,9.244,-1,0,-0.06700000000000017,-1.0,-1.0
2019-07-24,9.24,9.22,-1,-1,0.08999999999999986,1.0,0.0
2019-07-25,9.234,9.164,-1,-1,0.24399999999999977,1.0,0.0
2019-07-26,9.328,9.244,-1,-1,0.03599999999999959,-1.0,0.0
2019-07-29,9.306000000000001,9.306000000000001,-1,-1,-0.10200000000000031,-1.0,0.0
2019-07-30,8.996,9.16,-1,-1,0.0519999999999996,-1.0,0.0
2019-07-31,9.27,9.238,-1,0,-0.021999999999998465,-1.0,0.0
2019-08-01,9.476,9.472000000000001,1,-1,-0.13200000000000145,1.0,0.0
2019-08-02,9.42,9.306000000000001,-1,-1,0.1039999999999992,1.0,0.0
2019-08-05,9.154,9.04,-1,-1,0.39000000000000057,1.0,0.0
2019-08-06,9.112,9.177,-1,-1,0.16900000000000048,1.0,0.0
2019-08-07,9.236,9.31,1,0,0.18799999999999883,1.0,0.0
2019-08-08,9.276,9.408,1,0,-0.017999999999998906,1.0,0.0
2019-08-09,9.35,9.28,-1,0,0.14000000000000057,1.0,0.0
2019-08-12,9.336,9.204,-1,0,0.28800000000000026,1.0,0.0
2019-08-13,9.03,9.212,-1,0,0.33800000000000097,1.0,0.0
2019-08-14,9.26,9.216000000000001,-1,0,0.3099999999999987,1.0,0.0
2019-08-15,9.366,9.34,1,0,0.20199999999999996,1.0,0.0
2019-08-16,9.325,9.41,1,0,0.03999999999999915,-1.0,0.0
2019-08-19,9.384,9.43,1,0,0.13200000000000145,1.0,0.0
2019-08-20,9.365,9.346,1,0,0.35999999999999943,1.0,0.0
2019-08-21,9.436,9.498,1,0,0.12199999999999989,1.0,0.0
2019-08-22,9.486,9.39,1,0,0.2919999999999998,1.0,0.0
2019-08-23,9.568,9.42,1,0,0.39400000000000013,1.0,0.0
2019-08-26,9.44,9.492,1,0,0.1919999999999984,1.0,0.0
2019-08-27,9.496,9.55,1,0,0.027999999999998693,-1.0,0.0
2019-08-28,9.522,9.526,1,0,0.07399999999999984,-1.0,0.0
2019-08-29,9.484,9.542,1,0,0.08200000000000074,1.0,0.0
2019-08-30,9.43,9.45,-1,0,0.13000000000000078,-1.0,0.0
2019-09-03,9.566,9.562000000000001,1,0,0.12399999999999878,1.0,0.0
2019-09-04,9.754,9.706,1,0,0.11600000000000144,1.0,0.0
2019-09-05,9.64,9.62,1,0,0.22799999999999976,1.0,0.0
2019-09-06,9.704,9.682,1,0,0.16999999999999993,1.0,0.0
2019-09-09,9.816,9.814,1,0,0.06600000000000072,1.0,0.0
2019-09-10,9.776,9.684,1,0,-0.1639999999999997,-1.0,0.0
2019-09-11,9.567,9.578,-1,0,-0.0600000000000005,-1.0,0.0
2019-09-12,9.596,9.6,-1,0,-0.14400000000000013,-1.0,0.0
2019-09-13,9.604,9.624,1,0,-0.30400000000000027,-1.0,0.0
2019-09-16,9.607000000000001,9.58,-1,0,-0.25399999999999956,-1.0,0.0
2019-09-17,9.596,9.686,1,0,-0.33200000000000074,-1.0,0.0
2019-09-18,9.824,9.822000000000001,1,0,-0.4120000000000008,-1.0,0.0
2019-09-19,9.86,9.847999999999999,1,0,-0.3619999999999983,1.0,0.0
2019-09-20,9.876,9.852,1,0,-0.24600000000000044,1.0,0.0
2019-09-23,9.84,9.88,1,0,-0.4380000000000006,-1.0,0.0
2019-09-24,9.782,9.52,-1,0,-0.18399999999999928,-1.0,0.0
2019-09-25,9.452,9.517999999999999,-1,0,0.026000000000001577,1.0,0.0
2019-09-26,9.49,9.456,-1,0,-0.10599999999999987,-1.0,0.0
2019-09-27,9.424,9.32,-1,0,-0.04200000000000159,-1.0,0.0
2019-09-30,9.294,9.326,-1,0,-0.09200000000000053,-1.0,0.0
2019-10-01,9.465,9.354,-1,0,-0.10199999999999854,-1.0,0.0
2019-10-02,9.502,9.41,-1,0,-0.2240000000000002,-1.0,0.0
2019-10-03,9.41,9.486,1,0,-0.5240000000000009,-1.0,0.0
2019-10-04,9.548,9.606,1,0,-0.718,-1.0,0.0
2019-10-07,9.416,9.442,-1,0,-0.6199999999999992,-1.0,0.0
2019-10-08,9.456,9.336,-1,0,-0.4820000000000011,-1.0,0.0
2019-10-09,9.544,9.544,1,0,-0.7140000000000004,-1.0,0.0
2019-10-10,9.31,9.35,-1,0,-0.6339999999999986,-1.0,0.0
2019-10-11,9.204,9.277999999999999,-1,0,-0.8199999999999985,-1.0,0.0
2019-10-14,9.24,9.234,-1,0,-0.7240000000000002,-1.0,0.0
2019-10-15,9.255,9.252,-1,0,-0.6540000000000017,-1.0,0.0
2019-10-16,9.246,9.186,-1,0,-0.3739999999999988,1.0,0.0
2019-10-17,9.02,8.962,-1,0,0.3420000000000005,1.0,0.0
2019-10-18,8.943999999999999,8.888,-1,0,1.0340000000000007,1.0,0.0
2019-10-21,8.888,8.822000000000001,-1,0,1.0579999999999998,1.0,0.0
2019-10-22,8.826,8.854,-1,0,1.016,1.0,0.0
2019-10-23,8.82,8.83,-1,0,0.8081199999999988,1.0,0.0
2019-10-24,8.696,8.716000000000001,-1,0,0.9159999999999986,1.0,0.0
2019-10-25,8.454,8.458,-1,0,1.1359999999999992,1.0,0.0
2019-10-28,8.536,8.51,-1,0,1.1099999999999994,1.0,0.0
2019-10-29,8.606,8.597999999999999,-1,0,1.0840000000000014,1.0,0.0
2019-10-30,8.82,8.812000000000001,1,0,0.8179999999999996,1.0,0.0
2019-10-31,9.26,9.304,1,0,0.31599999999999895,1.0,0.0
2019-11-01,9.65,9.922,1,0,-0.4380000000000006,-1.0,0.0
2019-11-04,9.93,9.88,1,0,-0.2660000000000018,1.0,0.0
2019-11-05,9.842,9.87,1,0,-0.11599999999999966,1.0,0.0
2019-11-06,9.72,9.638119999999999,1,0,0.26988000000000056,1.0,0.0
2019-11-07,9.652000000000001,9.632,1,0,0.10400000000000098,1.0,0.0
2019-11-08,9.67,9.594,1,0,0.0010000000000012221,-1.0,0.0
2019-11-11,9.572000000000001,9.62,1,0,0.1479999999999997,1.0,0.0
2019-11-12,9.66,9.682,1,0,0.06599999999999895,1.0,0.0
2019-11-13,9.63,9.63,1,0,0.129999999999999,1.0,0.0
2019-11-14,9.59,9.62,1,0,0.05799999999999983,-1.0,0.0
2019-11-15,9.54,9.484,-1,0,0.5239999999999991,1.0,0.0
2019-11-18,9.64,9.613999999999999,1,0,0.572000000000001,1.0,0.0
2019-11-19,9.708,9.754,1,0,0.391,1.0,0.0
2019-11-20,9.812000000000001,9.908,1,0,0.08999999999999986,1.0,0.0
2019-11-21,9.842,9.736,1,0,0.3739999999999988,1.0,0.0
2019-11-22,9.492,9.595,-1,0,0.7490000000000006,1.0,0.0
2019-11-25,9.666,9.767999999999999,1,0,0.822000000000001,1.0,0.0
2019-11-26,9.7504,9.748,1,0,0.7579999999999991,1.0,0.0
2019-11-27,9.726,9.76,1,0,0.6159999999999997,1.0,0.0
2019-11-29,9.7,9.677999999999999,-1,0,0.5120000000000005,-1.0,0.0
2019-12-02,9.876,10.008,1,0,0.4540000000000006,1.0,0.0
2019-12-03,10.11,10.186,1,0,0.20400000000000063,1.0,0.0
2019-12-04,10.13,10.145,1,0,0.04100000000000037,-1.0,0.0
2019-12-05,10.059,9.998,1,0,-0.06799999999999962,-1.0,0.0
2019-12-06,10.066,10.11,1,0,-0.21399999999999864,-1.0,0.0
2019-12-09,10.338,10.344000000000001,1,0,-0.41600000000000215,-1.0,0.0
2019-12-10,10.63,10.59,1,0,-0.6799999999999997,-1.0,0.0
2019-12-11,10.54,10.505999999999998,1,0,-0.525999999999998,-1.0,0.0
2019-12-12,10.276,10.376,1,0,-0.37599999999999945,-1.0,0.0
2019-12-13,10.252,10.19,-1,0,-0.25,-1.0,0.0
2019-12-16,10.35,10.462,1,0,-0.4819999999999993,-1.0,0.0
2019-12-17,10.44,10.39,1,0,-0.25200000000000067,1.0,0.0
2019-12-18,10.2,10.186,-1,0,-0.13599999999999923,1.0,1.0
2019-12-19,10.046,9.93,-1,0,-0.019999999999999574,-1.0,1.0
2019-12-20,9.84,9.896,-1,0,-0.06400000000000006,-1.0,0.0
2019-12-23,9.908,9.927999999999999,-1,0,-0.005999999999998451,-1.0,1.0
2019-12-24,9.88,9.91,-1,0,-0.002000000000000668,-1.0,0.0
2019-12-26,9.89,9.98,-1,0,-0.08799999999999919,-1.0,0.0
2019-12-27,9.984,10.0,-1,0,-0.08000000000000007,-1.0,0.0
2019-12-30,9.986,9.94,-1,0,-0.10999999999999943,-1.0,0.0
2019-12-31,9.972000000000001,9.98,-1,0,-0.17800000000000082,-1.0,0.0
2020-01-02,10.136000000000001,10.138,1,0,-0.370000000000001,-1.0,0.0
2020-01-03,9.946,10.05,1,1,-0.3160000000000007,-1.0,0.0
2020-01-06,9.88,9.91,-1,1,-0.11800000000000033,-1.0,0.0
2020-01-07,9.88,9.832,-1,0,-0.02200000000000024,-1.0,0.0
2020-01-08,9.82,9.922,-1,1,0.02999999999999936,1.0,0.0
2020-01-09,9.94,9.908,-1,0,0.038000000000000256,1.0,0.0
2020-01-10,9.91,9.892000000000001,-1,0,-0.2560000000000002,-1.0,0.0
2020-01-13,9.82,9.92,-1,0,-0.13000000000000078,-1.0,0.0
2020-01-14,9.78,9.83,-1,0,-0.07000000000000028,-1.0,0.0
2020-01-15,9.812000000000001,9.802,-1,0,-0.33199999999999896,-1.0,0.0
2020-01-16,9.8,9.767999999999999,-1,0,-0.5879999999999992,-1.0,0.0
2020-01-17,9.762,9.734,-1,0,-0.5700000000000003,-1.0,0.0
2020-01-21,9.8,9.792,-1,0,-0.5080000000000009,-1.0,0.0
2020-01-22,9.852,9.81,-1,0,-0.5300000000000011,-1.0,0.0
2020-01-23,9.85,9.952,1,0,-0.6859999999999999,-1.0,0.0
2020-01-24,9.922,9.946,1,0,-0.7400000000000002,-1.0,0.0
2020-01-27,9.616,9.636000000000001,-1,0,-0.35600000000000165,-1.0,0.0
2020-01-28,9.646,9.79,-1,0,-0.4339999999999993,-1.0,0.0
2020-01-29,9.777999999999999,9.76,-1,0,-0.4800000000000004,-1.0,0.0
2020-01-30,9.736,9.47,-1,0,-0.33000000000000007,-1.0,0.0
2020-01-31,9.332,9.18,-1,0,-0.13599999999999923,-1.0,0.0
2020-02-03,9.228,9.164,-1,0,-0.16600000000000037,-1.0,0.0
2020-02-04,9.22,9.283999999999999,-1,0,-0.19399999999999906,-1.0,0.0
2020-02-05,9.226,9.28,-1,0,-0.3139999999999983,-1.0,0.0
2020-02-06,9.26,9.266,-1,0,-0.3960000000000008,-1.0,0.0
2020-02-07,9.174,9.206,-1,0,-0.5719999999999992,-1.0,0.0
2020-02-10,9.206,9.28,-1,0,-0.6020000000000003,-1.0,0.0
2020-02-11,9.262,9.356,-1,0,-0.5860000000000003,-1.0,0.0
2020-02-12,9.22,9.28,-1,0,-0.7720000000000002,-1.0,0.0
2020-02-13,9.154,9.14,-1,0,-0.7439999999999998,-1.0,0.0
2020-02-14,9.03,9.044,-1,0,-0.3979999999999997,-1.0,0.0
2020-02-18,8.992,8.998,-1,0,-0.49099999999999966,-1.0,0.0
2020-02-19,9.06,9.09,-1,0,-0.33200000000000074,1.0,0.0
2020-02-20,8.904,8.966000000000001,-1,0,-0.2140000000000004,1.0,0.0
2020-02-21,8.83,8.87,-1,0,-0.09399999999999942,1.0,0.0
2020-02-24,8.61,8.634,-1,0,-0.15399999999999991,-1.0,0.0
2020-02-25,8.764,8.677999999999999,-1,0,0.020800000000001262,1.0,0.0
2020-02-26,8.714,8.77,-1,0,-0.46399999999999864,-1.0,0.0
2020-02-27,8.62,8.508,-1,0,-0.7239999999999993,-1.0,0.0
2020-02-28,8.152000000000001,8.396,-1,0,-0.45700000000000074,-1.0,0.0
2020-03-02,8.402000000000001,8.646,-1,0,-1.0532000000000004,-1.0,0.0
2020-03-03,8.522,8.507,-1,0,-0.30299999999999905,-1.0,0.0
2020-03-04,8.632,8.758,1,0,-0.6159999999999979,-1.0,0.0
2020-03-05,8.624,8.752,1,0,0.017999999999998906,1.0,0.0
2020-03-06,8.604,8.776,1,0,-0.07499999999999929,1.0,1.0
2020-03-09,8.44,8.48,-1,0,0.11599999999999966,1.0,0.0
2020-03-10,8.616,8.6988,1,0,0.22919999999999874,1.0,0.0
2020-03-11,8.452,8.306000000000001,-1,0,0.4559999999999995,1.0,0.0
2020-03-12,7.9,7.784,-1,0,1.3880000000000008,1.0,0.0
2020-03-13,7.8918,7.939,-1,0,1.1980000000000004,1.0,0.0
2020-03-16,7.54,7.5928,-1,0,2.0351999999999997,1.0,0.0
2020-03-17,7.986000000000001,8.204,-1,0,1.452,1.0,0.0
2020-03-18,8.0,8.142000000000001,-1,0,1.5479999999999983,1.0,0.0
2020-03-19,8.502,8.77,1,0,0.9299999999999997,1.0,0.0
2020-03-20,8.8331,8.701,1,1,0.9069999999999983,1.0,1.0
2020-03-23,8.544,8.596,1,0,1.4219999999999988,1.0,0.0
2020-03-24,9.18,8.927999999999999,1,0,1.088000000000001,1.0,1.0
2020-03-25,8.916,8.762,1,0,1.3419999999999987,1.0,1.0
2020-03-26,8.93,9.172,1,0,0.9259999999999984,1.0,1.0
2020-03-27,8.79,9.137,1,0,1.222999999999999,1.0,1.0
2020-03-30,9.548,9.628,1,0,0.9760000000000009,1.0,1.0
2020-03-31,9.484,9.656,1,0,1.161999999999999,1.0,1.0
2020-04-01,9.524,9.69,1,0,1.33,1.0,1.0
2020-04-02,9.667,9.7,1,0,1.0259999999999998,1.0,1.0
2020-04-03,9.706,9.607999999999999,1,1,0.9720000000000013,1.0,1.0
2020-04-06,9.818,10.017999999999999,1,0,1.006000000000002,1.0,1.0
2020-04-07,10.142000000000001,10.016,1,1,0.9540000000000006,1.0,1.0
2020-04-08,10.016,10.104,1,1,0.7319999999999993,1.0,1.0
2020-04-09,10.08,10.097999999999999,1,1,0.8670000000000009,1.0,1.0
2020-04-13,10.13,10.36,1,1,0.5700000000000003,1.0,1.0
2020-04-14,10.565999999999999,10.604000000000001,1,1,0.15799999999999947,1.0,0.0
2020-04-15,10.755999999999998,10.818,1,1,0.03200000000000003,1.0,0.0
2020-04-16,10.825999999999999,11.02,1,1,-0.7319999999999993,-1.0,0.0
2020-04-17,10.64,10.725999999999999,1,1,-0.2539999999999978,-1.0,0.0
2020-04-20,10.57,10.58,1,1,-0.12599999999999945,-1.0,0.0
2020-04-21,10.56,11.024000000000001,1,1,-0.47000000000000064,-1.0,0.0
2020-04-22,10.968,10.97,1,1,-0.33999999999999986,1.0,0.0
2020-04-23,10.8394,10.835999999999999,1,1,0.034000000000000696,1.0,0.0
2020-04-24,10.874,10.965,1,1,-0.6050000000000004,-1.0,0.0
2020-04-27,10.978,10.93,1,1,-0.6920000000000002,-1.0,0.0
2020-04-28,10.88,10.762,1,0,-0.3979999999999997,-1.0,0.0
2020-04-29,10.828,10.85,1,0,-0.4299999999999997,-1.0,0.0
2020-04-30,10.436,10.288,-1,0,0.16600000000000037,-1.0,0.0
2020-05-01,10.364,10.472000000000001,-1,0,0.005999999999998451,-1.0,0.0
2020-05-04,10.332,10.454,-1,0,0.06799999999999962,1.0,0.0
2020-05-05,10.624,10.554,-1,0,-0.33399999999999963,-1.0,0.0
2020-05-06,10.584000000000001,10.63,1,0,-0.3000000000000007,-1.0,0.0
2020-05-07,10.84,10.87,1,0,-0.4740000000000002,-1.0,0.0
2020-05-08,10.293,10.36,-1,0,0.06599999999999895,1.0,0.0
2020-05-11,10.24,10.238,-1,0,0.03200000000000003,-1.0,0.0
2020-05-12,10.52834,10.364,-1,0,-0.10999999999999943,-1.0,0.0
2020-05-13,10.502,10.42,-1,0,-0.17999999999999972,-1.0,0.0
2020-05-14,10.37,10.454,-1,0,-0.28600000000000136,-1.0,0.0
2020-05-15,10.45006,10.478,-1,0,-0.11599999999999966,1.0,0.0
2020-05-18,10.417,10.522,1,0,-0.39199999999999946,-1.0,0.0
2020-05-19,10.22,10.22,-1,0,0.06999999999999851,1.0,0.0
2020-05-20,10.267999999999999,10.33,-1,0,0.08799999999999919,1.0,0.0
2020-05-21,10.374,10.395999999999999,-1,0,0.14800000000000146,1.0,0.0
2020-05-22,10.395999999999999,10.425999999999998,1,0,-0.08199999999999719,-1.0,0.0
2020-05-26,10.354000000000001,10.27,-1,0,0.20000000000000107,1.0,0.0
2020-05-27,10.294,10.254000000000001,-1,0,0.2939999999999987,1.0,1.0
2020-05-28,10.1537,10.24,-1,0,0.5299999999999994,1.0,0.0
2020-05-29,10.1,10.168,-1,0,0.9120000000000008,1.0,0.0
2020-06-01,10.26,10.362,1,0,0.6359999999999992,1.0,0.0
2020-06-02,10.22,10.13,-1,0,1.0099999999999998,1.0,0.0
2020-06-03,10.265,10.29,1,0,1.1959999999999997,1.0,0.0
2020-06-04,10.38,10.418,1,0,1.290000000000001,1.0,0.0
2020-06-05,10.564,10.544,1,0,1.1739999999999995,1.0,0.0
2020-06-08,10.29,10.344000000000001,-1,0,1.355999999999998,1.0,0.0
2020-06-09,10.4,10.47,1,0,0.8940000000000001,1.0,0.0
2020-06-10,10.59,10.548,1,1,0.7400000000000002,1.0,0.0
2020-06-11,10.9,10.77,1,0,0.41600000000000037,-1.0,0.0
2020-06-12,11.08,11.08,1,0,0.16000000000000014,-1.0,0.0
2020-06-15,11.004000000000001,10.998,1,0,0.2060000000000013,-1.0,0.0
2020-06-16,11.093,11.14,1,0,0.03999999999999915,-1.0,-1.0
2020-06-17,11.332,11.485999999999999,1,0,-0.2859999999999996,-1.0,-1.0
2020-06-18,11.675999999999998,11.708,1,0,-0.4339999999999993,1.0,-1.0
2020-06-19,11.767999999999999,11.718,1,0,0.03799999999999848,1.0,0.0
2020-06-22,11.776,11.7,1,0,0.23000000000000043,1.0,0.0
2020-06-23,11.54,11.364,1,0,0.3000000000000007,1.0,0.0
2020-06-24,11.46,11.288,1,0,0.2919999999999998,1.0,0.0
2020-06-25,11.22,11.186,-1,0,0.27200000000000024,-1.0,1.0
2020-06-26,11.36,11.24,-1,0,0.09999999999999964,-1.0,1.0
2020-06-29,11.276,11.204,-1,0,0.07399999999999807,-1.0,1.0
2020-06-30,11.052,11.18,-1,-1,0.18200000000000038,-1.0,1.0
2020-07-01,11.115,11.2,-1,-1,-0.009999999999999787,-1.0,0.0
2020-07-02,11.272,11.274000000000001,1,-1,-0.10600000000000165,-1.0,0.0
2020-07-06,11.612,11.755999999999998,1,0,-0.7019999999999982,-1.0,0.0
2020-07-07,11.9168,11.93,1,0,-0.8320000000000007,-1.0,0.0
2020-07-08,11.526,11.664000000000001,1,0,-0.6140000000000008,-1.0,0.0
2020-07-09,11.498,11.58,1,0,-0.5800000000000001,-1.0,0.0
2020-07-10,11.554,11.458,-1,1,-0.4060000000000006,-1.0,0.0
2020-07-13,11.32,11.34,-1,1,-0.019999999999999574,1.0,0.0
2020-07-14,11.22,11.277999999999999,-1,1,-0.06599999999999895,1.0,-1.0
2020-07-15,11.5,11.362,-1,1,0.009999999999999787,1.0,0.0
2020-07-16,11.192,11.19,-1,0,0.0840000000000014,1.0,0.0
2020-07-17,11.134,11.168,-1,0,-0.1659999999999986,-1.0,0.0
2020-07-20,11.097999999999999,11.054,-1,0,0.1379999999999999,1.0,0.0
2020-07-21,11.15,11.097999999999999,-1,0,0.31200000000000117,1.0,0.0
2020-07-22,11.058,11.05,-1,0,0.6979999999999986,1.0,0.0
2020-07-23,11.112,11.0,-1,0,1.2640000000000011,1.0,1.0
2020-07-24,11.06,11.052,-1,0,0.7739999999999991,1.0,1.0
2020-07-27,11.107999999999999,11.32,1,0,0.5299999999999994,1.0,0.0
2020-07-28,11.102,11.212,1,-1,0.47799999999999976,1.0,0.0
2020-07-29,11.212,11.372,1,0,0.6420000000000012,1.0,0.0
2020-07-30,11.248,11.274000000000001,1,0,0.7163999999999984,1.0,0.0
2020-07-31,11.08,11.002,-1,0,0.9900000000000002,1.0,0.0
2020-08-03,11.097999999999999,11.192,1,0,0.9920000000000009,1.0,0.0
2020-08-04,11.177999999999999,11.41,1,0,1.1999999999999993,1.0,0.0
2020-08-05,11.659,11.748,1,0,0.8920000000000012,1.0,0.0
2020-08-06,12.38,12.264000000000001,1,1,0.3559999999999981,1.0,0.0
2020-08-07,11.92,11.825999999999999,1,1,1.0360000000000014,1.0,0.0
2020-08-10,12.04,11.85,1,0,1.766,1.0,1.0
2020-08-11,11.86,11.69,1,0,1.5899999999999999,1.0,1.0
2020-08-12,11.892999999999999,12.014000000000001,1,0,1.7159999999999993,1.0,1.0
2020-08-13,11.808,11.9904,1,0,1.5175999999999998,1.0,1.0
2020-08-14,11.8,11.992,1,0,1.4559999999999995,1.0,1.0
2020-08-17,12.024000000000001,12.184000000000001,1,0,1.2899999999999991,1.0,1.0
2020-08-18,12.54,12.61,1,0,1.4900000000000002,1.0,1.0
2020-08-19,12.64,12.64,1,0,1.3770000000000007,1.0,1.0
2020-08-20,12.6,12.62,1,0,1.4000000000000004,1.0,1.0
2020-08-21,12.786,12.862,1,0,1.2739999999999991,1.0,0.0
2020-08-24,13.52,13.616,1,1,-0.26399999999999935,-1.0,0.0
2020-08-25,13.232000000000001,13.28,1,1,0.645999999999999,1.0,0.0
2020-08-26,13.46,13.73,1,1,0.047999999999998266,1.0,0.0
2020-08-27,13.56,13.508,1,1,0.4900000000000002,1.0,0.0
2020-08-28,13.42,13.448,1,1,0.6219999999999999,1.0,0.0
2020-08-31,13.4466,13.474,1,1,0.8019999999999996,1.0,0.0
2020-09-01,13.844000000000001,14.1,1,1,0.1880000000000006,1.0,0.0
2020-09-02,14.1,14.017000000000001,1,1,0.08699999999999974,1.0,1.0
2020-09-03,14.23,14.02,1,1,0.39200000000000124,1.0,1.0
2020-09-04,14.024000000000001,14.136,1,0,0.13400000000000034,1.0,0.0
2020-09-08,13.294,13.352,-1,0,0.9480000000000004,1.0,0.0
2020-09-09,13.725999999999999,13.925999999999998,1,0,0.27000000000000135,1.0,0.0
2020-09-10,13.932,13.777999999999999,1,0,0.26200000000000045,-1.0,0.0
2020-09-11,13.978,13.998,1,0,0.07000000000000028,-1.0,0.0
2020-09-14,14.035,14.07,1,0,0.049999999999998934,1.0,0.0
2020-09-15,14.187999999999999,14.276,1,0,0.0519999999999996,1.0,0.0
2020-09-16,14.23,14.288,1,0,-0.10800000000000054,1.0,0.0
2020-09-17,14.132,14.104000000000001,1,1,0.1559999999999988,1.0,0.0
2020-09-18,14.554,14.412,1,1,-0.5199999999999996,-1.0,0.0
2020-09-21,14.258,14.27,1,0,-0.7099999999999991,-1.0,0.0
2020-09-22,14.395999999999999,14.3,1,0,-0.7640000000000011,-1.0,0.0
2020-09-23,14.322000000000001,14.196,1,0,-0.484,-1.0,0.0
2020-09-24,14.0,14.04,-1,0,-0.2699999999999996,-1.0,0.0
2020-09-25,13.975999999999999,14.068,-1,0,-0.31200000000000117,-1.0,0.0
2020-09-28,14.155999999999999,14.12,1,0,-0.06999999999999851,1.0,0.0
2020-09-29,14.306,14.328,1,0,-0.243999999999998,1.0,0.0
2020-09-30,14.124,14.18,1,0,-0.12599999999999945,1.0,0.0
2020-10-01,14.231,14.26,1,0,-0.42799999999999905,-1.0,0.0
2020-10-02,13.886,13.892000000000001,-1,0,-0.12200000000000166,-1.0,0.0
2020-10-05,13.404000000000002,13.56,-1,0,0.18200000000000038,-1.0,0.0
2020-10-06,13.622,13.536,-1,0,0.0519999999999996,-1.0,0.0
2020-10-07,13.66,13.712,-1,0,-0.2919999999999998,-1.0,0.0
2020-10-08,13.755999999999998,13.77,-1,0,-0.3719999999999999,-1.0,0.0
2020-10-09,13.748,13.755999999999998,-1,0,-0.6359999999999992,-1.0,0.0
2020-10-12,14.154000000000002,14.05,1,0,-0.9580000000000002,-1.0,0.0
2020-10-13,14.175999999999998,14.084000000000001,1,0,-0.4140000000000015,1.0,0.0
2020-10-14,13.92,14.054,1,0,-0.44400000000000084,1.0,-1.0
2020-10-15,13.8,13.832,-1,0,0.07599999999999874,1.0,0.0
2020-10-16,13.765999999999998,13.77,-1,0,-0.2240000000000002,-1.0,-1.0
2020-10-19,13.774000000000001,13.742,-1,0,0.003999999999997783,1.0,0.0
2020-10-20,13.682,13.588,-1,0,0.41999999999999993,1.0,0.0
2020-10-21,13.422,13.42,-1,0,0.2759999999999998,1.0,0.0
2020-10-22,13.46,13.398,-1,0,1.1419999999999995,1.0,0.0
2020-10-23,13.134,13.12,-1,0,1.0120000000000005,1.0,0.0
2020-10-26,13.1,13.092,-1,0,0.16799999999999926,-1.0,0.0
2020-10-27,13.815999999999999,13.67,1,0,-0.7880000000000003,-1.0,0.0
2020-10-28,13.61,13.61,1,-1,-0.952,-1.0,0.0
2020-10-29,13.89,13.908,1,0,-1.0399999999999991,-1.0,0.0
2020-10-30,13.825999999999999,13.546,-1,-1,-0.4399999999999995,-1.0,0.0
2020-11-02,13.675999999999998,13.745999999999999,1,0,-0.9579999999999984,-1.0,0.0
2020-11-03,13.604000000000001,14.008,1,0,-1.177999999999999,-1.0,0.0
2020-11-04,13.808,13.696,1,0,-0.8059999999999992,-1.0,0.0
2020-11-05,14.350999999999999,14.54,1,0,-1.1759999999999984,1.0,0.0
2020-11-06,14.055,14.132,1,0,-0.8679999999999986,1.0,0.0
2020-11-09,13.5,13.26,-1,0,0.007999999999999119,1.0,0.0
2020-11-10,12.915,12.882,-1,0,0.2820000000000018,-1.0,0.0
2020-11-11,12.418,12.658,-1,0,0.6620000000000008,1.0,0.0
2020-11-12,12.844000000000001,12.868,-1,0,1.1319999999999997,1.0,0.0
2020-11-13,13.142000000000001,13.106,-1,0,1.0839999999999996,1.0,0.0
2020-11-16,12.796,12.788,-1,0,0.9799999999999986,1.0,0.0
2020-11-17,12.595999999999998,12.83,-1,0,0.8459999999999983,1.0,0.0
2020-11-18,12.88,12.89,-1,0,0.6759999999999984,-1.0,0.0
2020-11-19,13.23,13.364,1,0,0.31599999999999895,1.0,0.0
2020-11-20,13.378,13.264000000000001,1,0,0.5779999999999994,1.0,0.0
2020-11-23,13.4,13.267999999999999,1,0,0.8660000000000014,1.0,0.0
2020-11-24,13.255999999999998,13.164000000000001,-1,0,0.8569999999999975,1.0,0.0
2020-11-25,13.3,13.32,1,0,0.9100000000000001,1.0,0.0
2020-11-27,13.92,14.0,1,0,0.5579999999999998,1.0,0.0
2020-11-30,14.532,14.19,1,0,0.8600000000000012,1.0,0.0
2020-12-01,13.7217,13.767999999999999,1,0,1.0740000000000016,1.0,0.0
2020-12-02,13.755999999999998,13.675999999999998,1,0,1.658000000000003,1.0,0.0
2020-12-03,13.55,13.565999999999999,-1,0,2.8640000000000008,1.0,0.0
2020-12-04,13.67,13.68,1,0,2.4879999999999995,1.0,0.0
2020-12-07,14.048,13.842,1,0,1.943999999999999,1.0,0.0
2020-12-08,14.038,14.134,1,0,1.395999999999999,1.0,0.0
2020-12-09,14.357999999999999,14.020999999999999,1,0,1.607000000000001,1.0,0.0
2020-12-10,14.020999999999999,14.23,1,0,1.4859999999999989,1.0,0.0
2020-12-11,14.538,14.558,1,0,1.4920000000000009,1.0,0.0
2020-12-14,15.14,15.05,1,0,0.8819999999999997,1.0,0.0
2020-12-15,15.12,14.842,1,0,1.3020000000000014,1.0,0.0
2020-12-16,15.224,15.334000000000001,1,0,0.7699999999999978,1.0,0.0
2020-12-17,16.31,16.43,1,0,-0.6899999999999995,-1.0,0.0
2020-12-18,16.278,16.168,1,0,0.007999999999999119,1.0,0.0
2020-12-21,15.462,15.786,1,0,-0.04800000000000004,-1.0,0.0
2020-12-22,15.542,15.53,1,0,0.27200000000000024,-1.0,0.0
2020-12-23,15.5004,15.628,1,0,0.38200000000000145,1.0,0.0
2020-12-24,15.632,15.716,1,0,0.14199999999999946,1.0,0.0
2020-12-28,15.9,16.05,1,0,0.012000000000000455,1.0,0.0
2020-12-29,15.975999999999999,15.932,1,0,-0.09799999999999898,-1.0,0.0
2020-12-30,16.0,16.144000000000002,1,0,-0.3020000000000014,-1.0,0.0
2020-12-31,16.212,16.104,1,0,-0.3539999999999992,-1.0,0.0
2021-01-04,15.96,15.74,-1,0,0.15000000000000036,1.0,0.0
2021-01-05,15.908,16.176,1,0,-0.395999999999999,-1.0,0.0
2021-01-06,15.872,15.738,-1,0,-0.5,-1.0,-1.0
2021-01-07,15.805,15.802,-1,0,-0.30400000000000027,-1.0,0.0
2021-01-08,15.91,16.01,1,0,-0.8100000000000023,-1.0,0.0
2021-01-11,15.716,15.857999999999999,1,0,-0.7979999999999983,-1.0,-1.0
2021-01-12,16.098,16.062,1,0,-1.2060000000000013,-1.0,0.0
2021-01-13,15.992,15.834000000000001,-1,0,-0.8580000000000023,-1.0,0.0
2021-01-14,15.847999999999999,15.842,-1,0,-1.388,-1.0,0.0
2021-01-15,15.9,15.75,-1,0,-0.2699999999999996,1.0,0.0
2021-01-19,15.956,15.89,1,0,-0.798,-1.0,0.0
2021-01-20,15.794,15.78,-1,0,-0.9799999999999986,-1.0,0.0
2021-01-21,15.162,15.238,-1,-1,-0.6120000000000001,-1.0,0.0
2021-01-22,15.366,15.498,-1,0,-0.4559999999999995,1.0,0.0
2021-01-25,15.2471,15.2,-1,0,-0.09999999999999964,1.0,0.0
2021-01-26,15.036,15.06,-1,-1,-0.22799999999999976,-1.0,0.0
2021-01-27,15.1245,14.856,-1,0,0.5240000000000009,1.0,0.0
2021-01-28,14.8,14.975999999999999,-1,0,0.48600000000000065,1.0,0.0
2021-01-29,14.842,14.454,-1,0,1.468,1.0,0.0
2021-02-01,15.21,15.48,1,0,0.8399999999999999,1.0,0.0
2021-02-02,14.9412,15.092,-1,0,1.1579999999999995,1.0,0.0
2021-02-03,14.984000000000002,14.8,-1,0,1.3900000000000006,1.0,0.0
2021-02-04,14.68,14.626,-1,0,1.6480000000000015,1.0,0.0
2021-02-05,14.98,15.042,1,0,0.8580000000000005,1.0,0.0
2021-02-08,15.2,15.1,1,0,0.7840000000000007,1.0,0.0
2021-02-09,14.95,14.832,-1,0,0.9579999999999984,-1.0,0.0
2021-02-10,15.4,15.38,1,0,0.3819999999999997,-1.0,0.0
2021-02-11,15.422,15.462,1,0,-0.03799999999999848,-1.0,0.0
2021-02-12,15.77,15.922,1,0,-0.44400000000000084,-1.0,0.0
2021-02-16,16.282,16.32,1,0,-1.2400000000000002,-1.0,0.0
2021-02-17,16.296,16.25,1,0,-1.673,-1.0,0.0
2021-02-18,16.22,16.19,1,0,-2.1660000000000004,-1.0,0.0
2021-02-19,16.266,16.274,1,0,-1.9090000000000007,-1.0,0.0
2021-02-22,16.1105,15.9,1,0,-2.1820000000000004,-1.0,0.0
2021-02-23,15.72,15.884,1,0,-2.064,-1.0,0.0
2021-02-24,15.568,15.79,-1,0,-2.0919999999999987,-1.0,0.0
2021-02-25,15.952,15.762,-1,0,-1.8840000000000003,-1.0,0.0
2021-02-26,15.206,15.424000000000001,-1,0,-1.5840000000000014,-1.0,0.0
2021-03-01,15.374,15.478,-1,0,-1.2420000000000009,-1.0,-1.0
2021-03-02,15.1788,15.08,-1,0,-0.42799999999999905,1.0,0.0
2021-03-03,14.73998,14.577,-1,0,0.0470000000000006,1.0,0.0
2021-03-04,14.2346,14.024000000000001,-1,0,0.2779999999999987,-1.0,0.0
2021-03-05,14.5,14.365,-1,0,0.05099999999999838,1.0,0.0
2021-03-08,13.81,13.718,-1,0,0.8940000000000001,1.0,0.0
2021-03-09,13.72,13.82,-1,0,0.9199999999999999,1.0,0.0
2021-03-10,13.8,13.698,-1,0,0.7040000000000006,-1.0,0.0
2021-03-11,13.815999999999999,13.878,-1,0,0.34999999999999964,-1.0,0.0
2021-03-12,13.8516,13.84,-1,0,0.7840000000000007,1.0,0.0
2021-03-15,14.138,14.235999999999999,-1,-1,0.3240000000000016,1.0,-1.0
2021-03-16,14.67,14.652000000000001,1,0,-0.1720000000000006,1.0,-1.0
2021-03-17,14.402000000000001,14.624,1,0,-0.4640000000000004,-1.0,-1.0
2021-03-18,14.44,14.302,-1,0,0.062000000000001165,-1.0,0.0
2021-03-19,14.234000000000002,14.415999999999999,1,0,0.02000000000000135,1.0,0.0
2021-03-22,14.687999999999999,14.612,1,0,-0.03999999999999915,1.0,0.0
2021-03-23,14.857999999999999,14.74,1,0,-0.20000000000000107,1.0,0.0
2021-03-24,14.57,14.402000000000001,-1,0,0.4499999999999993,1.0,0.0
2021-03-25,14.315999999999999,14.228,-1,0,0.572000000000001,1.0,0.0
2021-03-26,14.67,14.624,1,0,0.20399999999999885,1.0,0.0
2021-03-29,14.6002,14.56,1,-1,0.6199999999999992,1.0,1.0
2021-03-30,14.3,14.48,1,-1,0.5359999999999978,1.0,1.0
2021-03-31,14.136,14.16,-1,-1,0.8279999999999994,1.0,0.0
2021-04-01,14.208,14.364,-1,0,0.6059999999999999,1.0,0.0
2021-04-05,14.466,14.436,1,0,0.16800000000000104,-1.0,1.0
2021-04-06,14.614,14.572000000000001,1,0,-0.09600000000000186,-1.0,0.0
2021-04-07,14.532,14.54,1,0,0.07200000000000095,-1.0,0.0
2021-04-08,14.724,14.852,1,0,-0.4140000000000015,-1.0,0.0
2021-04-09,14.702,14.8,1,0,-0.3100000000000005,-1.0,0.0
2021-04-12,14.502,14.828,1,0,-0.6059999999999981,-1.0,0.0
2021-04-13,15.0,15.18,1,1,-1.152000000000001,-1.0,0.0
2021-04-14,15.058,15.015999999999998,1,1,-0.7379999999999995,-1.0,0.0
2021-04-15,14.884,14.988,1,0,-0.7659999999999982,-1.0,0.0
2021-04-16,14.95,14.97,1,0,-0.5920000000000005,-1.0,0.0
2021-04-19,14.652000000000001,14.604000000000001,-1,1,-0.10800000000000232,1.0,0.0
2021-04-20,14.698,14.475999999999999,-1,0,-0.26599999999999824,-1.0,0.0
2021-04-21,14.45,14.612,-1,0,-0.15199999999999925,1.0,0.0
2021-04-22,14.46,14.437999999999999,-1,0,-0.43599999999999817,-1.0,0.0
2021-04-23,14.68,14.49,-1,0,-0.6920000000000002,-1.0,0.0
2021-04-26,14.124,14.222000000000001,-1,0,-0.09200000000000053,-1.0,0.0
2021-04-27,14.002,14.027999999999999,-1,0,0.2820000000000018,1.0,0.0
2021-04-28,14.175999999999998,14.277999999999999,-1,0,-0.373999999999997,-1.0,0.0
2021-04-29,14.632,14.222000000000001,-1,0,-0.5020000000000007,-1.0,0.0
2021-04-30,14.15,14.378,-1,0,-0.27200000000000024,1.0,0.0
2021-05-03,14.464,14.495999999999999,1,0,-0.23199999999999754,1.0,0.0
2021-05-04,14.4,14.21,-1,0,-0.13000000000000078,-1.0,0.0
2021-05-05,14.3,14.46,1,0,-0.10000000000000142,1.0,0.0
2021-05-06,13.616,14.002,-1,0,0.38399999999999856,1.0,0.0
2021-05-07,13.8758,13.798,-1,0,0.8760000000000012,1.0,0.0
2021-05-10,14.202,14.13,-1,0,0.8899999999999988,1.0,0.0
2021-05-11,14.24,14.31,1,0,0.9799999999999986,1.0,0.0
2021-05-12,14.107999999999999,13.904000000000002,-1,0,1.5699999999999985,1.0,0.0
2021-05-13,13.86,13.72,-1,0,1.605999999999998,1.0,0.0
2021-05-14,14.0,14.106,1,0,1.3580000000000005,1.0,0.0
2021-05-17,14.204,14.264000000000001,1,0,0.9379999999999988,1.0,0.0
2021-05-18,14.175,14.08,-1,0,1.17,1.0,0.0
2021-05-19,14.136,14.36,1,0,0.9000000000000004,1.0,0.0
2021-05-20,14.255999999999998,14.386,1,0,1.1720000000000006,1.0,0.0
2021-05-21,14.77,14.674000000000001,1,0,1.0519999999999978,1.0,0.0
2021-05-24,14.918,15.02,1,0,0.5800000000000001,1.0,0.0
2021-05-25,15.3,15.29,1,0,0.05000000000000071,1.0,0.0
2021-05-26,15.59,15.474,1,0,-0.06600000000000072,1.0,1.0
2021-05-27,15.29,15.325999999999999,1,0,0.0840000000000014,1.0,0.0
2021-05-28,15.384,15.464,1,0,-0.6080000000000005,-1.0,0.0
2021-06-01,15.18,15.202,1,0,-0.5560000000000009,-1.0,0.0
2021-06-02,15.302,15.25,1,0,-0.968,-1.0,0.0
2021-06-03,15.255999999999998,15.26,1,0,-0.5499999999999989,-1.0,0.0
2021-06-04,15.464,15.558,1,0,-0.8399999999999999,-1.0,0.0
2021-06-07,15.6,15.725999999999999,1,0,-0.8759999999999994,-1.0,0.0
2021-06-08,15.777999999999999,15.6,1,0,-0.8599999999999994,-1.0,0.0
2021-06-09,15.292,15.34,1,0,-0.9379999999999988,-1.0,0.0
2021-06-10,15.25,15.408,1,1,-0.847999999999999,-1.0,0.0
2021-06-11,15.35,15.41,1,0,-0.934000000000001,-1.0,0.0
2021-06-14,14.942,14.856,-1,0,-0.14000000000000057,1.0,0.0
2021-06-15,14.755999999999998,14.645999999999999,-1,0,-0.0259999999999998,-1.0,1.0
2021-06-16,14.45,14.282,-1,0,0.22399999999999842,-1.0,0.0
2021-06-17,14.5572,14.71,-1,0,-0.22799999999999976,-1.0,0.0
2021-06-18,14.835999999999999,14.718,-1,0,-0.0259999999999998,1.0,0.0
2021-06-21,14.68,14.85,-1,0,0.20800000000000018,1.0,1.0
2021-06-22,14.602,14.74,-1,0,0.22199999999999953,1.0,1.0
2021-06-23,14.4,14.402000000000001,-1,0,-0.15200000000000102,-1.0,0.0
2021-06-24,14.412,14.56,-1,0,-0.02200000000000024,-1.0,0.0
2021-06-25,14.452,14.475999999999999,-1,0,-0.05599999999999916,-1.0,0.0
2021-06-28,14.557,14.716,1,0,-0.4339999999999993,-1.0,0.0
2021-06-29,14.515,14.62,-1,1,-0.19599999999999795,-1.0,0.0
2021-06-30,14.495999999999999,14.505999999999998,-1,0,-0.275999999999998,-1.0,0.0
2021-07-01,14.452,14.482000000000001,-1,0,-0.37200000000000166,-1.0,0.0
2021-07-02,14.692,14.692,1,0,-0.8919999999999995,-1.0,0.0
2021-07-06,15.045,15.058,1,1,-1.347999999999999,-1.0,0.0
2021-07-07,15.033,14.962,1,1,-1.2219999999999995,-1.0,0.0
2021-07-08,14.520999999999999,14.25,-1,0,-0.572000000000001,-1.0,0.0
2021-07-09,14.292,14.538,-1,0,-0.8120000000000012,-1.0,0.0
2021-07-12,14.345999999999998,14.42,-1,0,-0.822000000000001,-1.0,0.0
2021-07-13,14.3,14.282,-1,0,-0.7040000000000006,-1.0,0.0
2021-07-14,14.538,14.424000000000001,-1,0,-0.854000000000001,-1.0,0.0
2021-07-15,14.424000000000001,14.23,-1,0,-0.9179999999999993,-1.0,0.0
2021-07-16,14.1,14.11,-1,0,-1.2599999999999998,-1.0,0.0
2021-07-19,13.872,13.8,-1,0,-0.7820000000000018,-1.0,0.0
2021-07-20,13.748,13.71,-1,0,-0.7420000000000009,-1.0,0.0
2021-07-21,13.638,13.74,-1,0,-0.9779999999999998,-1.0,0.0
2021-07-22,13.84,13.677999999999999,-1,0,-1.1439999999999984,-1.0,0.0
2021-07-23,13.685,13.725999999999999,-1,0,-1.9019999999999975,-1.0,-1.0
2021-07-26,13.6,13.597999999999999,-1,0,-1.7720000000000002,-1.0,-1.0
2021-07-27,13.64,13.578,-1,0,-2.208079999999999,-1.0,-1.0
2021-07-28,13.45,13.57,-1,0,-1.732000000000001,-1.0,-1.0
2021-07-29,13.4495,13.312000000000001,-1,0,-1.5120000000000005,-1.0,-1.0
2021-07-30,12.9,12.85,-1,0,-0.9640000000000004,-1.0,0.0
2021-08-02,13.024000000000001,13.017999999999999,-1,0,-1.1479999999999997,-1.0,0.0
2021-08-03,12.892000000000001,12.968,-1,0,-1.1339999999999986,-1.0,0.0
2021-08-04,12.854000000000001,12.762,-1,0,-0.9557600000000015,-1.0,0.0
2021-08-05,12.72,12.534,-1,0,-0.7240000000000002,-1.0,0.0
2021-08-06,11.942,11.824000000000002,-1,-1,0.2519999999999971,1.0,0.0
2021-08-09,11.908,11.825999999999999,-1,-1,0.24400000000000155,1.0,0.0
2021-08-10,11.5,11.36992,-1,-1,0.7340800000000005,1.0,1.0
2021-08-11,11.82,11.838,-1,-1,0.2060000000000013,1.0,0.0
2021-08-12,11.78,11.8,-1,-1,0.05599999999999916,-1.0,0.0
2021-08-13,11.82,11.886,-1,0,-0.09600000000000009,-1.0,0.0
2021-08-16,11.844000000000001,11.87,-1,0,0.040000000000000924,-1.0,0.0
2021-08-17,11.904000000000002,11.834000000000001,-1,0,0.18199999999999683,1.0,0.0
2021-08-18,12.03,11.806239999999999,-1,0,0.41576000000000235,1.0,0.0
2021-08-19,11.565999999999999,11.81,-1,0,0.5779999999999994,1.0,0.0
2021-08-20,12.02,12.075999999999999,1,0,0.30400000000000205,1.0,0.0
2021-08-23,12.004000000000001,12.07,1,0,0.5299999999999994,1.0,0.0
2021-08-24,12.18,12.104000000000001,1,1,0.20599999999999952,1.0,0.0
2021-08-25,12.078,12.044,1,0,0.266,1.0,0.0
2021-08-26,11.93,11.856,-1,0,0.5780000000000012,1.0,0.0
2021-08-27,11.918,11.79,-1,0,0.7400000000000002,1.0,0.0
2021-08-30,11.802,11.91,-1,0,0.3420000000000005,-1.0,0.0
2021-08-31,11.952,12.015999999999998,1,0,0.2220000000000013,-1.0,0.0
2021-09-01,12.107999999999999,12.222000000000001,1,0,-0.21799999999999997,-1.0,-1.0
2021-09-02,12.39,12.388,1,0,-0.24799999999999933,-1.0,-1.0
2021-09-03,12.494000000000002,12.38,1,0,-0.39000000000000057,-1.0,-1.0
2021-09-07,12.684000000000001,12.6,1,0,-0.5499999999999989,-1.0,-1.0
2021-09-08,12.498,12.31,1,0,-0.18599999999999994,-1.0,-1.0
2021-09-09,12.26,12.31,1,0,-0.030000000000001137,1.0,-1.0
2021-09-10,12.6,12.434000000000001,1,0,-0.28200000000000003,-1.0,-1.0
2021-09-13,12.554,12.53,1,0,-0.3819999999999997,-1.0,-1.0
2021-09-14,12.4,12.252,-1,0,-0.6180000000000003,-1.0,-1.0
2021-09-15,12.488,12.238,-1,0,-0.43599999999999994,-1.0,-1.0
2021-09-16,12.155999999999999,12.004000000000001,-1,-1,-0.1540000000000017,-1.0,-1.0
2021-09-17,12.15,12.14,-1,-1,-0.8800000000000008,-1.0,-1.0
2021-09-20,11.97,11.99,-1,-1,-1.0500000000000007,-1.0,-1.0
2021-09-21,12.15,12.05,-1,-1,-1.1300000000000008,-1.0,-1.0
2021-09-22,12.168,12.124,-1,-1,-0.9680000000000017,-1.0,-1.0
2021-09-23,12.328,12.28,1,-1,-0.9499999999999993,-1.0,-1.0
2021-09-24,12.264000000000001,12.152000000000001,-1,-1,-0.8800000000000008,-1.0,0.0
2021-09-27,12.25,12.148,-1,-1,-0.8650000000000002,-1.0,0.0
2021-09-28,12.075999999999999,11.634,-1,-1,-0.32399999999999984,-1.0,0.0
2021-09-29,11.89,11.802,-1,-1,-0.5120000000000005,-1.0,0.0
2021-09-30,12.05,11.85,-1,-1,-0.4559999999999995,1.0,0.0
2021-10-01,10.956,11.26,-1,-1,-0.002000000000000668,-1.0,0.0
2021-10-04,11.152000000000001,10.94,-1,-1,0.3000000000000007,-1.0,0.0
2021-10-05,10.966,10.92,-1,-1,0.2900000000000009,-1.0,0.0
2021-10-06,11.084000000000001,11.155999999999999,-1,-1,-0.20999999999999908,-1.0,-1.0
2021-10-07,11.292,11.33,-1,-1,-0.39200000000000124,-1.0,-1.0
2021-10-08,11.35,11.272,-1,0,-0.29999999999999893,-1.0,-1.0
2021-10-11,11.335999999999999,11.283,-1,0,-0.4529999999999994,-1.0,-1.0
2021-10-12,11.35,11.31,-1,0,-0.5800000000000001,-1.0,0.0
2021-10-13,11.308,11.29,-1,0,-0.6120000000000001,-1.0,0.0
2021-10-14,11.498,11.394,1,0,-0.4599999999999991,-1.0,0.0
2021-10-15,11.264000000000001,11.258,-1,0,-0.2079999999999984,1.0,0.0
2021-10-18,11.214,11.24,-1,0,-0.13200000000000145,1.0,0.0
2021-10-19,11.308,11.21,-1,0,-0.49600000000000044,-1.0,0.0
2021-10-20,10.998,10.946,-1,-1,-0.22699999999999854,-1.0,0.0
2021-10-21,11.058,10.937999999999999,-1,-1,-0.2179999999999982,-1.0,0.0
2021-10-22,10.948,10.972000000000001,-1,-1,0.09799999999999898,1.0,0.0
2021-10-25,10.82,10.83,-1,-1,0.10999999999999943,1.0,0.0
2021-10-26,10.738,10.73,-1,0,0.1899999999999995,1.0,0.0
2021-10-27,10.776,10.677999999999999,-1,0,0.18400000000000105,-1.0,0.0
2021-10-28,10.802,10.934000000000001,-1,0,0.06599999999999895,1.0,0.0
2021-10-29,11.008,11.05,1,0,0.02200000000000024,1.0,0.0
2021-11-01,11.144,11.107999999999999,1,0,-0.11799999999999855,1.0,0.0
2021-11-02,10.64,10.714,-1,0,0.4759999999999991,1.0,0.0
2021-11-03,10.9,10.719000000000001,-1,0,0.34299999999999997,1.0,0.0
2021-11-04,10.745999999999999,10.72,-1,0,0.5839999999999996,1.0,0.0
2021-11-05,10.9,11.07,1,0,0.2959999999999994,1.0,0.0
2021-11-08,10.81,10.94,1,0,0.16999999999999993,-1.0,0.0
2021-11-09,10.944,10.92,1,0,0.09799999999999898,-1.0,0.0
2021-11-10,10.924000000000001,10.862,-1,0,0.09800000000000075,-1.0,0.0
2021-11-11,10.952,11.0,1,0,-0.14599999999999902,-1.0,0.0
2021-11-12,10.984000000000002,11.072000000000001,1,0,0.2699999999999996,1.0,0.0
2021-11-15,11.084000000000001,10.99,1,0,0.025999999999998025,-1.0,0.0
2021-11-16,11.1,11.19,1,0,-0.12400000000000055,-1.0,0.0
2021-11-17,11.04,11.062000000000001,1,0,0.3379999999999992,1.0,0.0
2021-11-18,11.28392,11.304,1,0,-0.14400000000000013,1.0,-1.0
2021-11-19,11.382,11.366,1,0,-0.17300000000000004,1.0,0.0
2021-11-22,11.33,11.11,-1,0,0.4400000000000013,1.0,0.0
2021-11-23,11.21,11.017999999999999,-1,0,0.7020000000000017,1.0,0.0
2021-11-24,10.96,10.96,-1,0,0.7699999999999996,1.0,0.0
2021-11-26,10.914000000000001,10.854000000000001,-1,0,1.0259999999999998,1.0,0.0
2021-11-29,11.376,11.342,1,0,0.35799999999999876,1.0,0.0
2021-11-30,11.187999999999999,11.015999999999998,-1,0,0.6190000000000015,1.0,0.0
2021-12-01,11.2,11.065999999999999,-1,0,0.7180000000000017,1.0,0.0
2021-12-02,11.362,11.4,1,0,0.4039999999999999,1.0,0.0
2021-12-03,11.218,11.16,1,-1,0.4820000000000011,1.0,0.0
2021-12-06,11.17,11.193,1,0,0.6540000000000017,1.0,0.0
2021-12-07,11.574000000000002,11.55,1,0,0.6399999999999988,1.0,0.0
2021-12-08,11.622,11.72,1,0,0.3019999999999996,1.0,0.0
2021-12-09,11.85,11.73,1,0,0.45199999999999996,1.0,0.0
2021-12-10,11.84,11.88,1,0,0.379999999999999,1.0,0.0
2021-12-13,11.802,11.7,1,0,0.25400000000000134,1.0,0.0
2021-12-14,11.64,11.635,1,0,0.2629999999999999,-1.0,1.0
2021-12-15,11.735999999999999,11.784,1,0,-0.06600000000000072,-1.0,0.0
2021-12-16,11.97,11.804,1,0,-0.129999999999999,-1.0,1.0
2021-12-17,11.716,11.642000000000001,1,0,0.0519999999999996,-1.0,0.0
2021-12-20,11.704,11.847000000000001,1,0,-0.18700000000000117,-1.0,0.0
2021-12-21,12.152000000000001,12.19,1,0,-0.8019999999999996,-1.0,0.0
2021-12-22,11.898,12.022,1,0,-0.532,-1.0,0.0
2021-12-23,12.097999999999999,12.182,1,0,-0.5620000000000012,-1.0,0.0
2021-12-27,12.0,12.26,1,0,-0.572000000000001,1.0,0.0
2021-12-28,11.942,11.954,1,0,-0.15600000000000058,1.0,0.0
2021-12-29,11.814,11.898,-1,1,-0.18799999999999883,1.0,0.0
2021-12-30,11.665999999999999,11.718,-1,0,-0.27800000000000047,-1.0,0.0
2021-12-31,11.665999999999999,11.674000000000001,-1,1,-0.24200000000000088,-1.0,0.0
2022-01-03,11.8,11.694,-1,0,-0.012000000000000455,1.0,0.0
2022-01-04,11.76,11.66,-1,0,0.062000000000001165,1.0,0.0
2022-01-05,11.548,11.388,-1,0,0.5940000000000012,1.0,0.0
2022-01-06,11.335999999999999,11.49,-1,0,0.37400000000000055,1.0,0.0
2022-01-07,11.6,11.62,-1,0,0.13000000000000078,1.0,0.0
2022-01-10,11.464,11.687999999999999,1,0,0.0940000000000012,1.0,0.0
2022-01-11,11.505999999999998,11.798,1,0,0.4139999999999997,1.0,0.0
2022-01-12,11.73,11.71,1,0,0.5279999999999987,1.0,0.0
2022-01-13,11.584000000000001,11.44,-1,0,0.7820000000000018,1.0,0.0
2022-01-14,11.392000000000001,11.432,-1,0,0.7880000000000003,1.0,0.0
2022-01-18,11.61,11.682,1,0,0.7080000000000002,1.0,0.0
2022-01-19,11.7858,11.722000000000001,1,0,0.8099999999999987,1.0,0.0
2022-01-20,12.064,11.982000000000001,1,0,0.3379999999999992,1.0,0.0
2022-01-21,11.882,11.864,1,0,0.7400000000000002,1.0,0.0
2022-01-24,11.777999999999999,11.75,1,0,0.9259999999999984,1.0,0.0
2022-01-25,11.789000000000001,11.782,1,0,0.75,1.0,0.0
2022-01-26,12.222000000000001,12.212,1,0,0.4380000000000006,1.0,0.0
2022-01-27,12.22,12.238,1,0,0.07200000000000095,-1.0,0.0
2022-01-28,12.058,12.222000000000001,1,0,0.17599999999999838,-1.0,0.0
2022-01-31,12.175999999999998,12.22,1,0,0.25399999999999956,1.0,0.0
2022-02-01,12.286,12.39,1,0,0.43799999999999883,1.0,0.0
2022-02-02,12.62,12.532,1,0,0.17800000000000082,1.0,0.0
2022-02-03,12.308,12.32,1,0,0.33000000000000007,1.0,0.0
2022-02-04,12.456,12.604000000000001,1,0,0.17199999999999882,1.0,0.0
2022-02-07,12.722000000000001,12.675999999999998,1,0,-0.05599999999999916,1.0,0.0
2022-02-08,12.602,12.532,1,0,-0.007999999999999119,-1.0,0.0
2022-02-09,12.538,12.65,1,0,-0.17999999999999972,-1.0,0.0
2022-02-10,12.34,12.31,-1,0,0.12799999999999834,-1.0,0.0
2022-02-11,12.350019999999999,12.398,-1,0,0.3160000000000007,1.0,0.0
2022-02-14,12.546,12.474,1,0,0.0779999999999994,-1.0,0.0
2022-02-15,12.448,12.828,1,0,-0.1659999999999986,1.0,0.0
2022-02-16,12.802,12.71,1,0,0.007999999999999119,1.0,0.0
2022-02-17,12.72,12.65,1,0,0.019999999999999574,1.0,0.0
2022-02-18,12.71,12.776,1,0,-0.46000000000000085,-1.0,0.0
2022-02-22,12.718,12.62,1,0,-0.4759999999999991,-1.0,0.0
2022-02-23,12.7,12.524000000000001,-1,0,0.09599999999999831,1.0,0.0
2022-02-24,12.184000000000001,12.47,-1,0,0.034000000000000696,-1.0,0.0
2022-02-25,12.372,12.437999999999999,-1,0,0.05799999999999983,-1.0,0.0
2022-02-28,12.58,12.714,1,0,-0.4599999999999991,-1.0,0.0
2022-03-01,12.594000000000001,12.552,-1,0,-0.3119999999999994,-1.0,0.0
2022-03-02,12.61402,12.662,1,0,0.09399999999999764,1.0,0.0
2022-03-03,12.744000000000002,12.718,1,0,0.1399999999999988,1.0,0.0
2022-03-04,12.7,12.67,1,0,0.24200000000000088,1.0,0.0
2022-03-07,12.42,12.315999999999999,-1,0,0.5400000000000009,1.0,0.0
2022-03-08,12.068,12.144,-1,0,0.7759999999999998,1.0,0.0
2022-03-09,12.75,12.62,1,0,0.5240000000000009,1.0,0.0
2022-03-10,12.43,12.504000000000001,-1,0,0.7400000000000002,1.0,0.0
2022-03-11,12.538,12.495999999999999,-1,0,0.9260000000000019,1.0,0.0
2022-03-14,12.277999999999999,12.254000000000001,-1,0,1.177999999999999,1.0,0.0
2022-03-15,12.24,12.24,-1,0,1.2799999999999994,1.0,1.0
2022-03-16,12.68,12.755999999999998,1,0,0.08200000000000074,-1.0,0.0
2022-03-17,12.962,12.857999999999999,1,0,-0.275999999999998,-1.0,0.0
2022-03-18,12.812000000000001,12.912,1,0,0.05599999999999916,-1.0,0.0
2022-03-21,12.7,12.856,1,0,0.2140000000000004,1.0,0.0
2022-03-22,12.82,12.92,1,0,-0.25200000000000067,-1.0,0.0
2022-03-23,13.0,13.144,1,0,-0.3699999999999992,-1.0,0.0
2022-03-24,13.242020000000002,13.244000000000002,1,0,-0.46800000000000175,-1.0,0.0
2022-03-25,13.427999999999999,13.422,1,0,-0.5779999999999994,-1.0,0.0
2022-03-28,13.204,13.432,1,0,-0.7599999999999998,-1.0,0.0
2022-03-29,13.54,13.52,1,1,-0.782,-1.0,0.0
2022-03-30,12.806,12.838,-1,0,0.062000000000001165,1.0,0.0
2022-03-31,12.78,12.582,-1,0,0.10200000000000031,-1.0,0.0
2022-04-01,12.88,12.968,-1,0,-0.4220000000000006,-1.0,0.0
2022-04-04,13.0,13.07,1,0,-0.4159999999999986,-1.0,-1.0
2022-04-05,12.98,12.668,-1,0,-0.17799999999999905,-1.0,0.0
2022-04-06,12.7,12.774000000000001,-1,0,-0.4320000000000004,-1.0,-1.0
2022-04-07,12.78,12.776,-1,0,-0.5139999999999993,-1.0,-1.0
2022-04-08,12.847999999999999,12.844000000000001,-1,0,-0.47000000000000064,-1.0,-1.0
2022-04-11,12.738,12.672,-1,0,-0.8200000000000003,-1.0,0.0
2022-04-12,12.765999999999998,12.738,-1,0,-0.8420000000000005,-1.0,0.0
2022-04-13,12.82,12.9,1,0,-1.4000000000000004,-1.0,-1.0
2022-04-14,12.94,12.684000000000001,-1,0,-1.288000000000002,-1.0,-1.0
2022-04-18,12.64,12.546,-1,0,-1.4100000000000001,-1.0,-1.0
2022-04-19,12.56,12.654000000000002,-1,-1,-1.4640000000000022,-1.0,-1.0
2022-04-20,12.732000000000001,12.49,-1,0,-1.0820000000000007,-1.0,0.0
2022-04-21,12.5,12.342,-1,-1,-1.2620000000000005,-1.0,0.0
2022-04-22,12.322000000000001,12.262,-1,-1,-1.2640000000000011,-1.0,0.0
2022-04-25,11.924000000000001,12.374,-1,-1,-1.7420000000000009,-1.0,0.0
2022-04-26,12.2,11.852,-1,0,-1.0120000000000005,-1.0,0.0
2022-04-27,11.97,11.895999999999999,-1,0,-0.9159999999999986,-1.0,0.0
2022-04-28,11.8,11.5,-1,-1,-0.3800000000000008,-1.0,0.0
2022-04-29,11.498,11.395999999999999,-1,-1,-0.28199999999999825,-1.0,0.0
2022-05-02,11.114,11.136,-1,-1,-0.22199999999999775,-1.0,0.0
2022-05-03,11.004000000000001,11.19,-1,-1,-0.0779999999999994,-1.0,0.0
2022-05-04,11.4,11.408,-1,0,-0.023999999999999133,1.0,0.0
2022-05-05,11.42,11.08,-1,0,0.4399999999999995,1.0,0.0
2022-05-06,10.95,10.998,-1,0,0.5280000000000005,1.0,0.0
2022-05-09,10.575999999999999,10.632,-1,0,1.0420000000000016,1.0,0.0
2022-05-10,11.082,10.84,-1,0,0.8399999999999999,1.0,0.0
2022-05-11,11.065999999999999,10.98,-1,0,0.3119999999999994,-1.0,1.0
2022-05-12,10.902000000000001,11.12,-1,0,0.2400000000000002,-1.0,1.0
2022-05-13,11.05602,11.114,-1,0,0.1039999999999992,-1.0,1.0
2022-05-16,10.78,10.914000000000001,-1,0,0.20599999999999774,-1.0,1.0
2022-05-17,11.0,11.112,-1,0,0.030000000000001137,-1.0,0.0
2022-05-18,11.502,11.384,1,0,-0.27200000000000024,-1.0,0.0
2022-05-19,11.395999999999999,11.52,1,0,-0.6359999999999992,-1.0,0.0
2022-05-20,11.648,11.526,1,0,-0.4819999999999993,-1.0,0.0
2022-05-23,11.578,11.674000000000001,1,0,-0.6500000000000004,-1.0,0.0
2022-05-24,11.674000000000001,11.68,1,0,-0.7520000000000007,-1.0,0.0
2022-05-25,11.106,11.292,-1,1,-0.2419999999999991,-1.0,0.0
2022-05-26,11.24,11.36,-1,1,-0.5379999999999985,-1.0,0.0
2022-05-27,11.1302,11.218,-1,1,-0.6280000000000001,-1.0,0.0
2022-05-31,11.272,11.12,-1,1,-0.5379999999999985,-1.0,0.0
2022-06-01,11.216,11.142000000000001,-1,0,-0.5920000000000005,-1.0,0.0
2022-06-02,11.012,11.112,-1,0,-0.6560000000000006,-1.0,0.0
2022-06-03,10.84,10.884,-1,0,-0.4540000000000006,-1.0,0.0
2022-06-06,11.0,11.044,-1,0,-0.4399999999999995,-1.0,0.0
2022-06-07,10.868,11.024000000000001,-1,0,-0.4640000000000004,-1.0,0.0
2022-06-08,10.845999999999998,10.927999999999999,-1,0,-0.2839999999999989,-1.0,0.0
2022-06-09,11.177999999999999,11.05,-1,0,-0.22000000000000064,1.0,0.0
2022-06-10,11.0,10.822000000000001,-1,0,-0.04800000000000004,1.0,0.0
2022-06-13,10.76,10.59,-1,0,0.2400000000000002,1.0,0.0
2022-06-14,10.65,10.582,-1,0,0.2159999999999993,1.0,0.0
2022-06-15,10.4,10.55,-1,0,0.2140000000000004,1.0,0.0
2022-06-16,10.394,10.456,-1,0,0.18600000000000172,-1.0,0.0
2022-06-17,10.498,10.43,-1,0,0.38200000000000145,1.0,0.0
2022-06-21,10.798,10.604000000000001,-1,0,0.20399999999999885,1.0,0.0
2022-06-22,10.474,10.56,-1,0,0.25399999999999956,1.0,0.0
2022-06-23,10.45,10.644,-1,0,0.05599999999999916,-1.0,0.0
2022-06-24,10.895999999999999,10.83,1,0,-0.11800000000000033,-1.0,0.0
2022-06-27,10.814,10.774000000000001,1,0,0.10799999999999876,1.0,0.0
2022-06-28,10.852,10.83,1,0,0.10999999999999943,1.0,0.0
2022-06-29,10.96,10.798,1,0,0.05799999999999983,1.0,0.0
2022-06-30,10.56,10.764000000000001,1,0,0.4739999999999984,1.0,0.0
2022-07-01,10.69,10.642000000000001,-1,0,0.6279999999999983,1.0,0.0
2022-07-05,10.68,10.812000000000001,1,0,0.243999999999998,1.0,0.0
2022-07-06,11.04,10.808,1,0,0.4039999999999999,1.0,0.0
2022-07-07,10.694,10.814,1,0,0.38599999999999923,1.0,0.0
2022-07-08,10.43,10.7,-1,0,0.5320000000000018,1.0,0.0
2022-07-11,10.722999999999999,10.712,-1,0,0.4239999999999995,1.0,0.0
2022-07-12,10.7,10.882,1,0,0.008000000000000895,-1.0,0.0
2022-07-13,10.7,10.94,1,0,0.11599999999999966,-1.0,0.0
2022-07-14,10.92,10.856,1,0,0.30600000000000094,1.0,0.0
2022-07-15,10.905999999999999,11.238,1,0,-0.038000000000000256,1.0,0.0
2022-07-18,11.2,11.27,1,0,-0.09999999999999964,1.0,0.0
2022-07-19,11.198,11.056,1,0,-0.15000000000000036,-1.0,0.0
2022-07-20,11.1,11.212,1,0,-0.7620000000000005,-1.0,0.0
2022-07-21,11.24,11.2,1,0,-0.4759999999999991,-1.0,0.0
2022-07-22,11.25,11.232000000000001,1,0,-0.41999999999999993,-1.0,0.0
2022-07-25,11.24,11.136,1,0,-0.48799999999999955,-1.0,0.0
2022-07-26,11.095999999999998,10.89,-1,0,-0.370000000000001,-1.0,0.0
2022-07-27,10.8,11.056,-1,0,-0.2859999999999996,-1.0,0.0
2022-07-28,11.2,11.162,1,0,-0.37400000000000055,-1.0,0.0
2022-07-29,11.05408,11.2,1,0,-0.41199999999999903,-1.0,0.0
2022-08-01,11.002,11.17,1,0,-0.3340000000000014,1.0,0.0
2022-08-02,11.2,10.905999999999999,-1,0,-0.02999999999999936,1.0,0.0
2022-08-03,10.538,10.45,-1,0,0.5579999999999998,1.0,0.0
2022-08-04,10.597999999999999,10.724,-1,0,0.4980000000000011,1.0,0.0
2022-08-05,11.1,10.812000000000001,-1,0,0.11799999999999855,1.0,0.0
2022-08-08,10.69998,10.648,-1,0,0.20800000000000018,-1.0,0.0
2022-08-09,10.444,10.52,-1,0,0.3420000000000005,-1.0,0.0
2022-08-10,10.466,10.77,-1,0,-0.18200000000000038,-1.0,0.0
2022-08-11,10.708,10.788,-1,0,-0.14000000000000057,-1.0,-1.0
2022-08-12,10.56,10.788,-1,0,-0.34800000000000075,-1.0,-1.0
2022-08-15,10.995999999999999,10.835999999999999,1,0,-0.4859999999999989,-1.0,-1.0
2022-08-16,10.956,10.876,1,0,-0.5899999999999999,-1.0,-1.0
2022-08-17,11.072000000000001,11.008,1,0,-0.7879999999999985,-1.0,-1.0
2022-08-18,11.164000000000001,11.222000000000001,1,0,-1.0520000000000014,-1.0,-1.0
2022-08-19,11.154000000000002,10.93,1,0,-0.8699999999999992,-1.0,-1.0
2022-08-22,10.92,10.856,-1,0,-0.8260000000000005,-1.0,-1.0
2022-08-23,10.975999999999999,10.862,-1,0,-0.822000000000001,-1.0,-1.0
2022-08-24,10.75,10.588,-1,0,-0.46799999999999997,-1.0,-1.0
2022-08-25,10.724,10.648,-1,-1,-0.42799999999999905,-1.0,-1.0
2022-08-26,10.402000000000001,10.44,-1,-1,-0.08000000000000007,1.0,0.0
2022-08-29,10.4,10.35,-1,-1,0.26200000000000045,1.0,0.0
2022-08-30,10.398,10.286,-1,-1,0.5218800000000012,1.0,0.0
2022-08-31,10.375,10.22,-1,-1,0.6179999999999986,1.0,0.0
2022-09-01,10.2,10.17,-1,-1,0.49599999999999866,1.0,0.0
2022-09-02,10.17,10.06,-1,-1,0.629999999999999,1.0,0.0
2022-09-06,10.068,10.03,-1,-1,0.6400000000000006,1.0,0.0
2022-09-07,10.04,10.04,-1,-1,0.5300000000000011,-1.0,0.0
2022-09-08,10.3529,10.12,-1,-1,0.620000000000001,1.0,0.0
2022-09-09,10.39598,10.22,-1,-1,0.29999999999999893,-1.0,0.0
2022-09-12,10.36,10.36,1,0,-0.05599999999999916,-1.0,0.0
2022-09-13,10.82,10.612,1,0,-0.21799999999999997,-1.0,0.0
2022-09-14,10.6649,10.80788,1,0,-0.37988000000000177,-1.0,0.0
2022-09-15,10.704,10.838,1,0,-0.5399999999999991,-1.0,0.0
2022-09-16,10.5,10.665999999999999,1,0,-0.47199999999999953,-1.0,0.0
2022-09-19,10.508,10.69,1,0,-0.6699799999999989,-1.0,0.0
2022-09-20,10.89,10.67,1,0,0.07000000000000028,1.0,0.0
2022-09-21,10.472000000000001,10.57,-1,0,-0.17999999999999972,-1.0,0.0
2022-09-22,10.8,10.74,1,0,-0.40000000000000036,-1.0,0.0
2022-09-23,10.575,10.52,-1,0,-0.25,-1.0,0.0
2022-09-26,10.347999999999999,10.304,-1,0,-0.10400000000000098,-1.0,0.0
2022-09-27,10.32,10.394,-1,0,-0.2538999999999998,-1.0,0.0
2022-09-28,10.4,10.427999999999999,-1,0,-0.2579999999999991,-1.0,0.0
2022-09-29,10.3,10.298,-1,0,0.012299999999999756,1.0,0.0
2022-09-30,10.0,10.193999999999999,-1,0,0.04600000000000115,-1.0,0.0
2022-10-03,9.87,10.02002,-1,0,0.2299799999999994,-1.0,0.0
2022-10-04,10.425,10.74,1,0,-0.5400000000000009,-1.0,0.0
2022-10-05,10.39,10.39,-1,0,-0.40000000000000036,-1.0,0.0
2022-10-06,10.5,10.34,-1,0,-0.28999999999999915,-1.0,0.0
2022-10-07,10.37,10.27,-1,0,-0.08999999999999986,-1.0,0.0
2022-10-10,10.27,10.2,-1,0,-0.1899999999999995,-1.0,0.0
2022-10-11,10.15,10.1401,-1,0,-0.04010000000000069,-1.0,0.0
2022-10-12,10.055,10.17,-1,0,0.11999999999999922,1.0,0.0
2022-10-13,10.0,10.3103,1,0,-0.2353000000000005,-1.0,0.0
2022-10-14,10.38,10.24,-1,0,-0.16999999999999993,-1.0,0.0
2022-10-17,10.25,10.25,-1,0,-0.13000000000000078,-1.0,0.0
2022-10-18,10.25,10.2,-1,0,-0.049999999999998934,1.0,0.0
2022-10-19,10.12,9.99,-1,0,0.17999999999999972,1.0,0.0
2022-10-20,10.01,10.05,-1,0,0.049999999999998934,-1.0,0.0
2022-10-21,10.05,10.18,-1,0,0.0,1.0,0.0
2022-10-24,10.2,10.01,-1,0,0.4299999999999997,1.0,0.0
2022-10-25,9.77,10.1,-1,0,-0.10999999999999943,-1.0,0.0
2022-10-26,10.1,10.29,1,0,-0.47999999999999865,-1.0,0.0
2022-10-27,10.15,10.075,-1,0,0.1850000000000005,1.0,0.0
2022-10-28,9.91,10.07,-1,0,0.25,1.0,0.0
2022-10-31,10.1,10.12,-1,0,0.02000000000000135,-1.0,0.0
2022-11-01,10.21,10.15,1,0,0.11999999999999922,1.0,0.0
2022-11-02,10.11,10.17,1,0,0.16000000000000014,1.0,0.0
2022-11-03,10.105,10.1,-1,0,0.33000000000000007,1.0,0.0
2022-11-04,10.105,10.18,1,0,0.33000000000000007,1.0,0.0
2022-11-07,10.46,10.44,1,0,-0.07000000000000028,1.0,0.0
2022-11-08,10.3,9.99,-1,0,0.5099999999999998,1.0,0.0
2022-11-09,10.0,9.81,-1,0,0.8200000000000003,1.0,0.0
2022-11-10,9.99,10.26,1,0,0.370000000000001,1.0,0.0
2022-11-11,10.08,10.32,1,0,0.21999999999999886,1.0,0.0
2022-11-14,10.0,10.14,-1,0,0.4499999999999993,1.0,0.0
2022-11-15,10.34,10.27,1,0,0.46000000000000085,1.0,0.0
2022-11-16,10.33,10.33,1,0,0.25,1.0,1.0
2022-11-17,10.4,10.43,1,0,0.13000000000000078,1.0,1.0
2022-11-18,10.57,10.51,1,0,-0.16999999999999993,-1.0,0.0
2022-11-21,10.3,10.37,1,0,0.0600000000000005,-1.0,0.0
2022-11-22,10.37,10.5,1,0,0.009999999999999787,1.0,0.0
2022-11-23,10.4,10.63,1,0,-0.19000000000000128,-1.0,0.0
2022-11-25,10.56,10.63,1,0,-0.2400000000000002,-1.0,0.0
2022-11-28,10.69,10.54,1,0,-0.1999999999999993,-1.0,0.0
2022-11-29,10.5,10.59,1,0,-0.1999999999999993,-1.0,0.0
2022-11-30,10.625,10.73,1,0,-0.2400000000000002,1.0,0.0
2022-12-01,10.56,10.58,1,1,-0.33999999999999986,-1.0,0.0
2022-12-02,10.55,10.56,1,1,-0.41999999999999993,-1.0,0.0
2022-12-05,10.42,10.34,-1,0,-0.19500000000000028,-1.0,0.0
2022-12-06,10.41,10.43,-1,0,-0.009999999999999787,1.0,0.0
2022-12-07,10.37,10.51,1,0,-0.07000000000000028,1.0,0.0
2022-12-08,10.44,10.44,-1,0,0.05000000000000071,1.0,0.0
2022-12-09,10.45,10.39,-1,0,0.129999999999999,1.0,0.0
2022-12-12,10.38,10.34,-1,0,0.07000000000000028,1.0,0.0
2022-12-13,10.58,10.39,-1,0,-0.02000000000000135,-1.0,0.0
2022-12-14,10.56,10.49,1,0,0.03999999999999915,1.0,0.0
2022-12-15,10.46,10.24,-1,0,0.17999999999999972,-1.0,0.0
2022-12-16,10.13,10.14,-1,0,,,
2022-12-19,10.27,10.145,-1,0,,,
2022-12-20,10.32,10.42,1,0,,,
2022-12-21,10.54,10.44,1,0,,,
2022-12-22,10.68,10.49,1,0,,,
2022-12-23,10.5,10.52,1,0,,,
2022-12-27,10.52,10.41,1,0,,,
2022-12-28,10.48,10.37,-1,0,,,
2022-12-29,10.5,10.53,1,0,,,
2022-12-30,10.4,10.42,-1,0,,,
