Date (GMT),Open,High,Low,Last
2019-01-02,6.546,6.716,6.486,6.706
2019-01-03,6.668,6.728,6.608,6.65
2019-01-04,6.522,6.756,6.502,6.73
2019-01-07,6.784,6.934,6.784,6.882
2019-01-08,6.988,6.988,6.898,6.949
2019-01-09,7.06,7.112,7.05,7.1
2019-01-10,6.914,6.998,6.862,6.978
2019-01-11,6.97,6.99,6.926,6.967
2019-01-14,6.976,7.17,6.976,7.104
2019-01-15,7.241,7.368,7.2,7.343
2019-01-16,7.368,7.404,7.342,7.344
2019-01-17,7.586,7.672,7.544,7.62
2019-01-18,7.78,7.868,7.78,7.85
2019-01-22,7.66,7.722,7.584,7.603
2019-01-23,7.664,7.738,7.606,7.658
2019-01-24,7.756,7.762,7.7,7.749
2019-01-25,7.762,7.762,7.726,7.739
2019-01-28,7.464,7.49,7.328,7.4
2019-01-29,7.63,7.672,7.618,7.632
2019-01-30,7.6,7.75,7.6,7.74
2019-01-31,7.518,7.52,7.354,7.448
2019-02-01,7.049,7.134,7.04,7.084
2019-02-04,7.31,7.3468,7.15426,7.346
2019-02-05,7.156,7.174,7.118,7.168
2019-02-06,6.738,6.776,6.704,6.706
2019-02-07,6.638,6.656,6.58608,6.652
2019-02-08,6.49,6.594,6.49,6.576
2019-02-11,6.596,6.596,6.404,6.522
2019-02-12,6.62,6.648,6.616,6.62
2019-02-13,6.776,6.78,6.732,6.761
2019-02-14,6.71,6.768,6.652,6.74
2019-02-15,6.624,6.734,6.624,6.732
2019-02-19,6.626,6.682,6.608,6.672
2019-02-20,6.66,6.724,6.652,6.67
2019-02-21,6.738,7.08,6.7,6.988
2019-02-22,6.966,7.208,6.93,7.108
2019-02-25,6.982,6.998,6.872,6.88
2019-02-26,6.874,6.96,6.865,6.954
2019-02-27,7.11,7.168,7.052,7.116
2019-02-28,6.88,6.9,6.818,6.85
2019-03-01,6.925,6.95,6.866,6.934
2019-03-04,6.81,6.828,6.704,6.742
2019-03-05,6.796,6.826,6.75,6.81
2019-03-06,6.91,6.958,6.91,6.93
2019-03-07,6.834,6.834,6.744,6.762
2019-03-08,6.656,6.686,6.611,6.679
2019-03-11,6.67,6.762,6.63,6.756
2019-03-12,6.87,6.894,6.82,6.858
2019-03-13,6.96,6.983,6.906,6.974
2019-03-14,6.783,6.808,6.78,6.79
2019-03-15,6.96,6.996,6.94,6.984
2019-03-18,7.15,7.194,7.14,7.177
2019-03-19,7.058,7.074,6.952,7.023
2019-03-20,6.806,6.882,6.798,6.82
2019-03-21,6.816,6.9048,6.812,6.886
2019-03-22,6.88,6.918,6.802,6.82
2019-03-25,6.97,7.034,6.94,6.986
2019-03-26,7.224,7.27,7.2,7.25
2019-03-27,7.198,7.24,7.156,7.2
2019-03-28,7.22,7.227,7.168,7.227
2019-03-29,7.16,7.188,7.122,7.174
2019-04-01,7.216,7.228,7.17,7.223
2019-04-02,7.218,7.232,7.162,7.192
2019-04-03,7.276,7.348,7.268,7.3144
2019-04-04,7.298,7.298,7.244,7.29
2019-04-05,7.4,7.514,7.374,7.474
2019-04-08,7.33,7.346,7.29,7.338
2019-04-09,7.39,7.442,7.39,7.416
2019-04-10,7.416,7.42,7.39,7.406
2019-04-11,7.346,7.4,7.332,7.35
2019-04-12,7.56,7.6054,7.56,7.59
2019-04-15,7.634,7.64,7.59,7.594
2019-04-16,7.702,7.738,7.622,7.656
2019-04-17,7.77,7.8,7.706,7.744
2019-04-18,8.48,8.836,8.32,8.692
2019-04-22,8.618,8.618,8.556,8.588
2019-04-23,8.302,8.306,8.226,8.282
2019-04-24,8.484,8.55,8.39,8.44
2019-04-25,8.212,8.25,7.93,8.05
2019-04-26,8.496,8.618,8.49,8.61
2019-04-29,8.55,8.676,8.55,8.676
2019-04-30,8.564,8.642,8.564,8.616
2019-05-01,8.604,8.668,8.6,8.602
2019-05-02,8.58,8.612,8.53,8.587
2019-05-03,8.588,8.71,8.578,8.707
2019-05-06,8.492,8.676,8.474,8.672
2019-05-07,8.398,8.414,8.304,8.348
2019-05-08,8.32,8.584,8.32,8.492
2019-05-09,8.372,8.42,8.272,8.404
2019-05-10,8.35,8.55,8.32,8.526
2019-05-13,8.436,8.436,8.208,8.268
2019-05-14,8.414,8.556,8.414,8.528
2019-05-15,8.478,8.63,8.474,8.612
2019-05-16,8.34,8.542,8.34,8.48
2019-05-17,8.506,8.556,8.4536,8.48
2019-05-20,8.554,8.634,8.512,8.554
2019-05-21,8.604,8.676,8.604,8.638
2019-05-22,8.596,8.668,8.594,8.65
2019-05-23,8.66,8.688,8.628,8.684
2019-05-24,8.905,8.93,8.878,8.922
2019-05-28,8.88,8.938,8.828,8.828
2019-05-29,8.936,8.936,8.772,8.83
2019-05-30,8.76,8.77,8.718,8.756
2019-05-31,8.986,8.986,8.8,8.827
2019-06-03,8.882,8.932,8.848,8.872
2019-06-04,8.798,8.87,8.702,8.866
2019-06-05,8.96,8.96,8.888,8.94
2019-06-06,8.94,8.9412,8.87,8.928
2019-06-07,9.064,9.118,9.022,9.068
2019-06-10,9.13,9.196,9.064,9.078
2019-06-11,9.088,9.09,8.834,8.858
2019-06-12,8.719,8.727,8.604,8.62
2019-06-13,8.612,8.666,8.562,8.612
2019-06-14,8.65,8.65,8.594,8.63
2019-06-17,8.67,8.67,8.629,8.636
2019-06-18,8.75,8.84,8.75,8.84
2019-06-19,8.674,8.7654,8.674,8.76
2019-06-20,9.02,9.028,8.93,8.992
2019-06-21,8.968,8.968,8.868,8.922
2019-06-24,8.904,8.92,8.854,8.902
2019-06-25,8.902,8.92,8.81,8.816
2019-06-26,8.906,8.928,8.728,8.8
2019-06-27,9.029,9.1,9.016,9.092
2019-06-28,9.128,9.164,9.114,9.154
2019-07-01,9.3,9.33,9.234,9.258
2019-07-02,9.254,9.272,9.224,9.246
2019-07-03,9.36,9.424,9.342,9.424
2019-07-05,9.304,9.4,9.29,9.354
2019-07-08,9.35,9.412,9.312,9.328
2019-07-09,9.234,9.29,9.234,9.282
2019-07-10,9.408,9.68,9.404,9.6
2019-07-11,9.66,9.736,9.61,9.661
2019-07-12,9.664,9.676,9.632,9.6456
2019-07-15,9.652,9.681,9.612,9.622
2019-07-16,9.599,9.622,9.504,9.53
2019-07-17,9.554,9.554,9.492,9.492
2019-07-18,9.452,9.596,9.452,9.596
2019-07-19,9.568,9.568,9.502,9.508
2019-07-22,9.368,9.402,9.324,9.34
2019-07-23,9.25,9.264,9.21,9.244
2019-07-24,9.24,9.248,9.178,9.22
2019-07-25,9.234,9.32,9.148,9.164
2019-07-26,9.328,9.328,9.212,9.244
2019-07-29,9.306,9.306,9.222,9.306
2019-07-30,8.996,9.23,8.974,9.16
2019-07-31,9.27,9.37,9.23,9.238
2019-08-01,9.476,9.686,9.46,9.472
2019-08-02,9.42,9.458,9.252,9.306
2019-08-05,9.154,9.234,9.024,9.04
2019-08-06,9.112,9.18,9.082,9.177
2019-08-07,9.236,9.312,9.114,9.31
2019-08-08,9.276,9.415,9.25,9.408
2019-08-09,9.35,9.36,9.256,9.28
2019-08-12,9.336,9.336,9.178,9.204
2019-08-13,9.03,9.24,9.03,9.212
2019-08-14,9.26,9.318,9.2,9.216
2019-08-15,9.366,9.4,9.304,9.34
2019-08-16,9.325,9.418,9.3,9.41
2019-08-19,9.384,9.47,9.384,9.43
2019-08-20,9.365,9.4,9.33,9.346
2019-08-21,9.436,9.524,9.436,9.498
2019-08-22,9.486,9.486,9.346,9.39
2019-08-23,9.568,9.586,9.41,9.42
2019-08-26,9.44,9.5,9.434,9.492
2019-08-27,9.496,9.562,9.494,9.55
2019-08-28,9.522,9.554,9.472,9.526
2019-08-29,9.484,9.556,9.484,9.542
2019-08-30,9.43,9.504,9.422,9.45
2019-09-03,9.566,9.566,9.5,9.562
2019-09-04,9.754,9.76,9.64,9.706
2019-09-05,9.64,9.642,9.6,9.62
2019-09-06,9.704,9.704,9.658,9.682
2019-09-09,9.816,9.842,9.77,9.814
2019-09-10,9.776,9.776,9.646,9.684
2019-09-11,9.567,9.612,9.51,9.578
2019-09-12,9.596,9.654,9.588,9.6
2019-09-13,9.604,9.63,9.584,9.624
2019-09-16,9.607,9.654,9.5624,9.58
2019-09-17,9.596,9.698,9.596,9.686
2019-09-18,9.824,9.824,9.744,9.822
2019-09-19,9.86,9.888,9.84,9.848
2019-09-20,9.876,9.98,9.83,9.852
2019-09-23,9.84,9.89,9.814,9.88
2019-09-24,9.782,9.84,9.462,9.52
2019-09-25,9.452,9.598,9.452,9.518
2019-09-26,9.49,9.49,9.374,9.456
2019-09-27,9.424,9.424,9.32,9.32
2019-09-30,9.294,9.34,9.24,9.326
2019-10-01,9.465,9.468,9.324,9.354
2019-10-02,9.502,9.528,9.36,9.41
2019-10-03,9.41,9.49,9.396,9.486
2019-10-04,9.548,9.606,9.522,9.606
2019-10-07,9.416,9.478,9.416,9.442
2019-10-08,9.456,9.458,9.336,9.336
2019-10-09,9.544,9.57,9.536,9.544
2019-10-10,9.31,9.388,9.31,9.35
2019-10-11,9.204,9.3,9.204,9.278
2019-10-14,9.24,9.336,9.23,9.234
2019-10-15,9.255,9.294,9.24,9.252
2019-10-16,9.246,9.26,9.176,9.186
2019-10-17,9.02,9.02,8.939,8.962
2019-10-18,8.944,8.944,8.858,8.888
2019-10-21,8.888,8.90296,8.822,8.822
2019-10-22,8.826,8.876,8.82,8.854
2019-10-23,8.82,8.832,8.778,8.83
2019-10-24,8.696,8.78,8.682,8.716
2019-10-25,8.454,8.466,8.412,8.458
2019-10-28,8.536,8.536,8.504,8.51
2019-10-29,8.606,8.71,8.588,8.598
2019-10-30,8.82,8.866,8.776,8.812
2019-10-31,9.26,9.348,9.104,9.304
2019-11-01,9.65,9.98,9.65,9.922
2019-11-04,9.93,9.97,9.88,9.88
2019-11-05,9.842,9.904,9.824,9.87
2019-11-06,9.72,9.72,9.626,9.63812
2019-11-07,9.652,9.678,9.632,9.632
2019-11-08,9.67,9.67,9.57,9.594
2019-11-11,9.572,9.624,9.572,9.62
2019-11-12,9.66,9.716,9.66,9.682
2019-11-13,9.63,9.676,9.618,9.63
2019-11-14,9.59,9.628,9.59,9.62
2019-11-15,9.54,9.558,9.476,9.484
2019-11-18,9.64,9.688,9.6,9.614
2019-11-19,9.708,9.778,9.708,9.754
2019-11-20,9.812,9.918,9.812,9.908
2019-11-21,9.842,9.858,9.682,9.736
2019-11-22,9.492,9.596,9.492,9.595
2019-11-25,9.666,9.77,9.666,9.768
2019-11-26,9.7504,9.766,9.736,9.748
2019-11-27,9.726,9.764,9.726,9.76
2019-11-29,9.7,9.7,9.65,9.678
2019-12-02,9.876,10.16,9.876,10.008
2019-12-03,10.11,10.21,10.108,10.186
2019-12-04,10.13,10.212,10.13,10.145
2019-12-05,10.059,10.116,9.998,9.998
2019-12-06,10.066,10.116,10.032,10.11
2019-12-09,10.338,10.378,10.328,10.344
2019-12-10,10.63,10.648,10.56,10.59
2019-12-11,10.54,10.54,10.466,10.506
2019-12-12,10.276,10.408,10.276,10.376
2019-12-13,10.252,10.252,10.17,10.19
2019-12-16,10.35,10.483,10.35,10.462
2019-12-17,10.44,10.44,10.362,10.39
2019-12-18,10.2,10.2,10.12,10.186
2019-12-19,10.046,10.046,9.93,9.93
2019-12-20,9.84,9.9,9.836,9.896
2019-12-23,9.908,9.934,9.88,9.928
2019-12-24,9.88,9.934,9.88,9.91
2019-12-26,9.89,9.98,9.89,9.98
2019-12-27,9.984,10.024,9.984,10.0
2019-12-30,9.986,10.05,9.94,9.94
2019-12-31,9.972,9.986,9.95,9.98
2020-01-02,10.136,10.164,10.09,10.138
2020-01-03,9.946,10.1,9.946,10.05
2020-01-06,9.88,9.936,9.824,9.91
2020-01-07,9.88,9.902,9.81,9.832
2020-01-08,9.82,9.95,9.78,9.922
2020-01-09,9.94,9.948,9.88,9.908
2020-01-10,9.91,9.91,9.854,9.892
2020-01-13,9.82,9.92,9.82,9.92
2020-01-14,9.78,9.832,9.78,9.83
2020-01-15,9.812,9.83,9.794,9.802
2020-01-16,9.8,9.804,9.752,9.768
2020-01-17,9.762,9.762,9.714,9.734
2020-01-21,9.8,9.85,9.77,9.792
2020-01-22,9.852,9.852,9.8,9.81
2020-01-23,9.85,9.953,9.85,9.952
2020-01-24,9.922,9.992,9.916,9.946
2020-01-27,9.616,9.68,9.616,9.636
2020-01-28,9.646,9.798,9.646,9.79
2020-01-29,9.778,9.79,9.738,9.76
2020-01-30,9.736,9.758,9.362,9.47
2020-01-31,9.332,9.336,9.15,9.18
2020-02-03,9.228,9.228,9.16,9.164
2020-02-04,9.22,9.284,9.204,9.284
2020-02-05,9.226,9.28,9.226,9.28
2020-02-06,9.26,9.3,9.252,9.266
2020-02-07,9.174,9.276,9.174,9.206
2020-02-10,9.206,9.28,9.206,9.28
2020-02-11,9.262,9.366,9.262,9.356
2020-02-12,9.22,9.28,9.22,9.28
2020-02-13,9.154,9.205,9.098,9.14
2020-02-14,9.03,9.074,9.02,9.044
2020-02-18,8.992,9.044,8.986,8.998
2020-02-19,9.06,9.12,9.06,9.09
2020-02-20,8.904,9.042,8.904,8.966
2020-02-21,8.83,8.95,8.83,8.87
2020-02-24,8.61,8.726,8.6,8.634
2020-02-25,8.764,8.82,8.654,8.678
2020-02-26,8.714,8.846,8.714,8.77
2020-02-27,8.62,8.642,8.5,8.508
2020-02-28,8.152,8.406,8.152,8.396
2020-03-02,8.402,8.646,8.402,8.646
2020-03-03,8.522,8.628,8.436,8.507
2020-03-04,8.632,8.762,8.632,8.758
2020-03-05,8.624,8.79,8.624,8.752
2020-03-06,8.604,8.782,8.604,8.776
2020-03-09,8.44,8.61,8.322,8.48
2020-03-10,8.616,8.716,8.466,8.6988
2020-03-11,8.452,8.5,8.244,8.306
2020-03-12,7.9,7.97,7.53,7.784
2020-03-13,7.8918,8.038,7.68,7.939
2020-03-16,7.54,7.774,7.164,7.5928
2020-03-17,7.986,8.23,7.9,8.204
2020-03-18,8.0,8.28,7.998,8.142
2020-03-19,8.502,9.0,8.43,8.77
2020-03-20,8.8331,9.036,8.66,8.701
2020-03-23,8.544,8.758,8.544,8.596
2020-03-24,9.18,9.18,8.574,8.928
2020-03-25,8.916,8.916,8.458,8.762
2020-03-26,8.93,9.184,8.93,9.172
2020-03-27,8.79,9.306,8.79,9.137
2020-03-30,9.548,9.67,9.162,9.628
2020-03-31,9.484,9.75,9.484,9.656
2020-04-01,9.524,9.808,9.522,9.69
2020-04-02,9.667,9.768,9.5422,9.7
2020-04-03,9.706,9.706,9.568,9.608
2020-04-06,9.818,10.0388,9.818,10.018
2020-04-07,10.142,10.217,10.0,10.016
2020-04-08,10.016,10.128,9.898,10.104
2020-04-09,10.08,10.198,10.016,10.098
2020-04-13,10.13,10.42,10.13,10.36
2020-04-14,10.566,10.726,10.516,10.604
2020-04-15,10.756,10.836,10.658,10.818
2020-04-16,10.826,11.02,10.826,11.02
2020-04-17,10.64,10.956,10.64,10.726
2020-04-20,10.57,10.7,10.57,10.58
2020-04-21,10.56,11.184,10.492,11.024
2020-04-22,10.968,11.046,10.928,10.97
2020-04-23,10.8394,10.914,10.822,10.836
2020-04-24,10.874,10.974,10.863,10.965
2020-04-27,10.978,10.978,10.892,10.93
2020-04-28,10.88,10.94,10.74,10.762
2020-04-29,10.828,10.978,10.828,10.85
2020-04-30,10.436,10.436,10.204,10.288
2020-05-01,10.364,10.518,10.364,10.472
2020-05-04,10.332,10.458,10.236,10.454
2020-05-05,10.624,10.624,10.48,10.554
2020-05-06,10.584,10.714,10.532,10.63
2020-05-07,10.84,10.968,10.75,10.87
2020-05-08,10.293,10.396,10.272,10.36
2020-05-11,10.24,10.24398,10.134,10.238
2020-05-12,10.52834,10.542,10.356,10.364
2020-05-13,10.502,10.54,10.352,10.42
2020-05-14,10.37,10.46,10.318,10.454
2020-05-15,10.45006,10.50398,10.416,10.478
2020-05-18,10.417,10.53,10.408,10.522
2020-05-19,10.22,10.27,10.162,10.22
2020-05-20,10.268,10.396,10.268,10.33
2020-05-21,10.374,10.476,10.36,10.396
2020-05-22,10.396,10.45,10.392,10.426
2020-05-26,10.354,10.39,10.256,10.27
2020-05-27,10.294,10.294,10.128,10.254
2020-05-28,10.1537,10.354,10.15,10.24
2020-05-29,10.1,10.25,10.1,10.168
2020-06-01,10.26,10.374,10.26,10.362
2020-06-02,10.22,10.262,10.086,10.13
2020-06-03,10.265,10.32,10.184,10.29
2020-06-04,10.38,10.456,10.36,10.418
2020-06-05,10.564,10.616,10.468,10.544
2020-06-08,10.29,10.37,10.2,10.344
2020-06-09,10.4,10.47,10.37,10.47
2020-06-10,10.59,10.59,10.491,10.548
2020-06-11,10.9,10.94,10.726,10.77
2020-06-12,11.08,11.138,11.014,11.08
2020-06-15,11.004,11.058,10.916,10.998
2020-06-16,11.093,11.14,11.024,11.14
2020-06-17,11.332,11.58,11.332,11.486
2020-06-18,11.676,11.79,11.676,11.708
2020-06-19,11.768,11.782,11.634,11.718
2020-06-22,11.776,11.776,11.66802,11.7
2020-06-23,11.54,11.578,11.35,11.364
2020-06-24,11.46,11.538,11.232,11.288
2020-06-25,11.22,11.348,11.022,11.186
2020-06-26,11.36,11.36,11.2,11.24
2020-06-29,11.276,11.276,11.133,11.204
2020-06-30,11.052,11.202,11.052,11.18
2020-07-01,11.115,11.222,11.044,11.2
2020-07-02,11.272,11.338,11.246,11.274
2020-07-06,11.612,11.758,11.612,11.756
2020-07-07,11.9168,12.0,11.868,11.93
2020-07-08,11.526,11.664,11.524,11.664
2020-07-09,11.498,11.61,11.498,11.58
2020-07-10,11.554,11.554,11.398,11.458
2020-07-13,11.32,11.46,11.32,11.34
2020-07-14,11.22,11.284,11.172,11.278
2020-07-15,11.5,11.5,11.328,11.362
2020-07-16,11.192,11.248,11.138,11.19
2020-07-17,11.134,11.168,11.11,11.168
2020-07-20,11.098,11.098,10.944,11.054
2020-07-21,11.15,11.182,11.086,11.098
2020-07-22,11.058,11.154,11.05,11.05
2020-07-23,11.112,11.112,11.0,11.0
2020-07-24,11.06,11.07,11.0,11.052
2020-07-27,11.108,11.38,11.108,11.32
2020-07-28,11.102,11.324,11.102,11.212
2020-07-29,11.212,11.382,11.212,11.372
2020-07-30,11.248,11.31,11.14,11.274
2020-07-31,11.08,11.08,10.954,11.002
2020-08-03,11.098,11.206,11.0,11.192
2020-08-04,11.178,11.45,11.178,11.41
2020-08-05,11.659,11.758,11.64,11.748
2020-08-06,12.38,12.44,11.9,12.264
2020-08-07,11.92,11.94,11.822,11.826
2020-08-10,12.04,12.04,11.822,11.85
2020-08-11,11.86,11.86,11.679,11.69
2020-08-12,11.893,12.02,11.81,12.014
2020-08-13,11.808,12.1,11.808,11.9904
2020-08-14,11.8,12.09,11.8,11.992
2020-08-17,12.024,12.216,12.024,12.184
2020-08-18,12.54,12.624,12.54,12.61
2020-08-19,12.64,12.73,12.58,12.64
2020-08-20,12.6,12.7,12.582,12.62
2020-08-21,12.786,12.948,12.786,12.862
2020-08-24,13.52,13.654,13.52,13.616
2020-08-25,13.232,13.298,13.14,13.28
2020-08-26,13.46,13.74,13.46,13.73
2020-08-27,13.56,13.668,13.422,13.508
2020-08-28,13.42,13.472,13.37,13.448
2020-08-31,13.4466,13.4998,13.39,13.474
2020-09-01,13.844,14.248,13.57,14.1
2020-09-02,14.1,14.12,13.906,14.017
2020-09-03,14.23,14.262,13.854,14.02
2020-09-04,14.024,14.178,13.9136,14.136
2020-09-08,13.294,13.47,13.204,13.352
2020-09-09,13.726,13.956,13.22586,13.926
2020-09-10,13.932,13.97,13.778,13.778
2020-09-11,13.978,14.0,13.858,13.998
2020-09-14,14.035,14.09,13.992,14.07
2020-09-15,14.188,14.294,14.18,14.276
2020-09-16,14.23,14.359,14.229,14.288
2020-09-17,14.132,14.132,14.02,14.104
2020-09-18,14.554,14.564,14.21,14.412
2020-09-21,14.258,14.284,14.0612,14.27
2020-09-22,14.396,14.396,14.202,14.3
2020-09-23,14.322,14.38,14.13,14.196
2020-09-24,14.0,14.08,13.944,14.04
2020-09-25,13.976,14.074,13.862,14.068
2020-09-28,14.156,14.24,14.102,14.12
2020-09-29,14.306,14.4,14.306,14.328
2020-09-30,14.124,14.2,14.12,14.18
2020-10-01,14.231,14.282,14.169,14.26
2020-10-02,13.886,13.938,13.742,13.892
2020-10-05,13.404,13.932,13.404,13.56
2020-10-06,13.622,13.758,13.522,13.536
2020-10-07,13.66,13.73,13.648,13.712
2020-10-08,13.756,13.88,13.756,13.77
2020-10-09,13.748,13.776,13.724,13.756
2020-10-12,14.154,14.154,13.86,14.05
2020-10-13,14.176,14.176,13.962,14.084
2020-10-14,13.92,14.196,13.92,14.054
2020-10-15,13.8,13.878,13.77,13.832
2020-10-16,13.766,13.84,13.74,13.77
2020-10-19,13.774,13.89,13.736,13.742
2020-10-20,13.682,13.682,13.5,13.588
2020-10-21,13.422,13.524,13.4,13.42
2020-10-22,13.46,13.46,13.346,13.398
2020-10-23,13.134,13.2,13.08,13.12
2020-10-26,13.1,13.146,13.0,13.092
2020-10-27,13.816,13.816,13.6,13.67
2020-10-28,13.61,13.706,13.514,13.61
2020-10-29,13.89,13.94,13.67,13.908
2020-10-30,13.826,13.826,13.54,13.546
2020-11-02,13.676,13.934,13.676,13.746
2020-11-03,13.604,14.012,13.604,14.008
2020-11-04,13.808,13.854,13.604,13.696
2020-11-05,14.351,14.75,14.3,14.54
2020-11-06,14.055,14.166,13.996,14.132
2020-11-09,13.5,13.5,12.9,13.26
2020-11-10,12.915,12.98,12.762,12.882
2020-11-11,12.418,12.7,12.322,12.658
2020-11-12,12.844,12.986,12.616,12.868
2020-11-13,13.142,13.164,12.89,13.106
2020-11-16,12.796,12.84,12.7,12.788
2020-11-17,12.596,12.862,12.54,12.83
2020-11-18,12.88,12.918,12.8,12.89
2020-11-19,13.23,13.412,13.004,13.364
2020-11-20,13.378,13.378,13.1499,13.264
2020-11-23,13.4,13.414,13.188,13.268
2020-11-24,13.256,13.256,13.1228,13.164
2020-11-25,13.3,13.398,13.19,13.32
2020-11-27,13.92,14.1,13.92,14.0
2020-11-30,14.532,14.532,14.15,14.19
2020-12-01,13.7217,13.818,13.684,13.768
2020-12-02,13.756,13.756,13.54,13.676
2020-12-03,13.55,13.6,13.4113,13.566
2020-12-04,13.67,13.73,13.595,13.68
2020-12-07,14.048,14.048,13.628,13.842
2020-12-08,14.038,14.138,14.0,14.134
2020-12-09,14.358,14.358,13.93,14.021
2020-12-10,14.021,14.28,13.912,14.23
2020-12-11,14.538,14.582,14.386,14.558
2020-12-14,15.14,15.17,15.02,15.05
2020-12-15,15.12,15.12,14.816,14.842
2020-12-16,15.224,15.398,15.186,15.334
2020-12-17,16.31,16.51,16.31,16.43
2020-12-18,16.278,16.278,16.12,16.168
2020-12-21,15.462,15.832,15.42,15.786
2020-12-22,15.542,15.676,15.506,15.53
2020-12-23,15.5004,15.676,15.402,15.628
2020-12-24,15.632,15.752,15.526,15.716
2020-12-28,15.9,16.15,15.9,16.05
2020-12-29,15.976,15.976,15.762,15.932
2020-12-30,16.0,16.474,15.977,16.144
2020-12-31,16.212,16.212,16.064,16.104
2021-01-04,15.96,16.0,15.656,15.74
2021-01-05,15.908,16.176,15.908,16.176
2021-01-06,15.872,15.872,15.628,15.738
2021-01-07,15.805,15.842,15.6,15.802
2021-01-08,15.91,16.09,15.804,16.01
2021-01-11,15.716,15.976,15.716,15.858
2021-01-12,16.098,16.098,15.92,16.062
2021-01-13,15.992,15.992,15.8,15.834
2021-01-14,15.848,15.914,15.8,15.842
2021-01-15,15.9,15.9,15.702,15.75
2021-01-19,15.956,15.956,15.75,15.89
2021-01-20,15.794,15.8,15.618,15.78
2021-01-21,15.162,15.24,15.156,15.238
2021-01-22,15.366,15.498,15.272,15.498
2021-01-25,15.2471,15.254,15.104,15.2
2021-01-26,15.036,15.094,15.018,15.06
2021-01-27,15.1245,15.17,14.8,14.856
2021-01-28,14.8,15.032,14.756,14.976
2021-01-29,14.842,14.842,14.4,14.454
2021-02-01,15.21,15.634,15.15,15.48
2021-02-02,14.9412,15.092,14.856,15.092
2021-02-03,14.984,14.984,14.8,14.8
2021-02-04,14.68,14.708,14.542,14.626
2021-02-05,14.98,15.15,14.98,15.042
2021-02-08,15.2,15.2,15.1,15.1
2021-02-09,14.95,14.95,14.774,14.832
2021-02-10,15.4,15.438,15.206,15.38
2021-02-11,15.422,15.59,15.38,15.462
2021-02-12,15.77,15.934,15.77,15.922
2021-02-16,16.282,16.4,16.004,16.32
2021-02-17,16.296,16.316,16.014,16.25
2021-02-18,16.22,16.244,15.992,16.19
2021-02-19,16.266,16.3,16.2,16.274
2021-02-22,16.1105,16.176,15.858,15.9
2021-02-23,15.72,15.894,15.0,15.884
2021-02-24,15.568,15.846,15.568,15.79
2021-02-25,15.952,16.126,15.72,15.762
2021-02-26,15.206,15.58,15.206,15.424
2021-03-01,15.374,15.478,15.35,15.478
2021-03-02,15.1788,15.25,15.062,15.08
2021-03-03,14.73998,14.8,14.516,14.577
2021-03-04,14.2346,14.2896,13.862,14.024
2021-03-05,14.5,14.5,14.002,14.365
2021-03-08,13.81,13.88,13.626,13.718
2021-03-09,13.72,13.898,13.638,13.82
2021-03-10,13.8,13.996,13.688,13.698
2021-03-11,13.816,14.136,13.8,13.878
2021-03-12,13.8516,13.886,13.76,13.84
2021-03-15,14.138,14.248,14.1,14.236
2021-03-16,14.67,14.78,14.6,14.652
2021-03-17,14.402,14.7,14.286,14.624
2021-03-18,14.44,14.466,14.244,14.302
2021-03-19,14.234,14.416,14.164,14.416
2021-03-22,14.688,14.726,14.414,14.612
2021-03-23,14.858,14.858,14.692,14.74
2021-03-24,14.57,14.676,14.396,14.402
2021-03-25,14.316,14.316,14.12,14.228
2021-03-26,14.67,14.7,14.416,14.624
2021-03-29,14.6002,14.624,14.336,14.56
2021-03-30,14.3,14.53598,14.276,14.48
2021-03-31,14.136,14.224,14.006,14.16
2021-04-01,14.208,14.46,14.208,14.364
2021-04-05,14.466,14.466,14.228,14.436
2021-04-06,14.614,14.614,14.418,14.572
2021-04-07,14.532,14.6,14.48,14.54
2021-04-08,14.724,14.99,14.724,14.852
2021-04-09,14.702,14.87,14.662,14.8
2021-04-12,14.502,14.83,14.502,14.828
2021-04-13,15.0,15.2,14.856,15.18
2021-04-14,15.058,15.202,14.982,15.016
2021-04-15,14.884,15.05,14.884,14.988
2021-04-16,14.95,15.046,14.822,14.97
2021-04-19,14.652,14.894,14.46,14.604
2021-04-20,14.698,14.698,14.432,14.476
2021-04-21,14.45,14.628,14.44,14.612
2021-04-22,14.46,14.548,14.31,14.438
2021-04-23,14.68,14.68,14.442,14.49
2021-04-26,14.124,14.29,14.12,14.222
2021-04-27,14.002,14.208,14.002,14.028
2021-04-28,14.176,14.418,14.176,14.278
2021-04-29,14.632,14.632,14.036,14.222
2021-04-30,14.15,14.39,14.15,14.378
2021-05-03,14.464,14.58998,14.4,14.496
2021-05-04,14.4,14.486,14.142,14.21
2021-05-05,14.3,14.47,14.3,14.46
2021-05-06,13.616,14.052,13.616,14.002
2021-05-07,13.8758,14.1,13.75,13.798
2021-05-10,14.202,14.352,14.09,14.13
2021-05-11,14.24,14.352,14.132,14.31
2021-05-12,14.108,14.12,13.882,13.904
2021-05-13,13.86,13.877,13.572,13.72
2021-05-14,14.0,14.25,14.0,14.106
2021-05-17,14.204,14.382,14.174,14.264
2021-05-18,14.175,14.266,14.06,14.08
2021-05-19,14.136,14.36,14.136,14.36
2021-05-20,14.256,14.49,14.256,14.386
2021-05-21,14.77,14.81,14.58,14.674
2021-05-24,14.918,15.04,14.882,15.02
2021-05-25,15.3,15.342,15.208,15.29
2021-05-26,15.59,15.59,15.404,15.474
2021-05-27,15.29,15.35,15.26,15.326
2021-05-28,15.384,15.528,15.384,15.464
2021-06-01,15.18,15.398,15.036,15.202
2021-06-02,15.302,15.384,15.204,15.25
2021-06-03,15.256,15.448,15.212,15.26
2021-06-04,15.464,15.60998,15.298,15.558
2021-06-07,15.6,15.773,15.6,15.726
2021-06-08,15.778,15.778,15.534,15.6
2021-06-09,15.292,15.55,15.292,15.34
2021-06-10,15.25,15.428,15.25,15.408
2021-06-11,15.35,15.414,15.304,15.41
2021-06-14,14.942,14.942,14.8,14.856
2021-06-15,14.756,14.8,14.63,14.646
2021-06-16,14.45,14.45,14.122,14.282
2021-06-17,14.5572,14.842,14.49,14.71
2021-06-18,14.836,14.836,14.688,14.718
2021-06-21,14.68,14.85,14.66,14.85
2021-06-22,14.602,14.774,14.6,14.74
2021-06-23,14.4,14.54,14.4,14.402
2021-06-24,14.412,14.668,14.412,14.56
2021-06-25,14.452,14.554,14.402,14.476
2021-06-28,14.557,14.78,14.542,14.716
2021-06-29,14.515,14.674,14.498,14.62
2021-06-30,14.496,14.608,14.462,14.506
2021-07-01,14.452,14.574,14.406,14.482
2021-07-02,14.692,14.712,14.5842,14.692
2021-07-06,15.045,15.104,15.002,15.058
2021-07-07,15.033,15.09,14.952,14.962
2021-07-08,14.521,14.574,14.008,14.25
2021-07-09,14.292,14.538,14.292,14.538
2021-07-12,14.346,14.502,14.346,14.42
2021-07-13,14.3,14.378,14.214,14.282
2021-07-14,14.538,14.538,14.288,14.424
2021-07-15,14.424,14.426,14.176,14.23
2021-07-16,14.1,14.23,14.1,14.11
2021-07-19,13.872,13.994,13.72,13.8
2021-07-20,13.748,13.748,13.622,13.71
2021-07-21,13.638,13.74,13.51,13.74
2021-07-22,13.84,13.84,13.664,13.678
2021-07-23,13.685,13.798,13.664,13.726
2021-07-26,13.6,13.666,13.53,13.598
2021-07-27,13.64,13.784,13.46,13.578
2021-07-28,13.45,13.57,13.402,13.57
2021-07-29,13.4495,13.45,13.302,13.312
2021-07-30,12.9,12.922,12.802,12.85
2021-08-02,13.024,13.098,12.984,13.018
2021-08-03,12.892,13.05,12.892,12.968
2021-08-04,12.854,12.88,12.606,12.762
2021-08-05,12.72,12.73,12.332,12.534
2021-08-06,11.942,12.02,11.822,11.824
2021-08-09,11.908,11.908,11.784,11.826
2021-08-10,11.5,11.5,11.344,11.36992
2021-08-11,11.82,11.96,11.788,11.838
2021-08-12,11.78,11.9,11.71,11.8
2021-08-13,11.82,11.968,11.82,11.886
2021-08-16,11.844,11.878,11.77,11.87
2021-08-17,11.904,11.904,11.75802,11.834
2021-08-18,12.03,12.03,11.804,11.80624
2021-08-19,11.566,11.844,11.566,11.81
2021-08-20,12.02,12.076,11.934,12.076
2021-08-23,12.004,12.1,11.96,12.07
2021-08-24,12.18,12.18,12.1,12.104
2021-08-25,12.078,12.078,11.954,12.044
2021-08-26,11.93,11.95,11.85,11.856
2021-08-27,11.918,11.918,11.68,11.79
2021-08-30,11.802,11.99,11.802,11.91
2021-08-31,11.952,12.082,11.952,12.016
2021-09-01,12.108,12.344,12.108,12.222
2021-09-02,12.39,12.556,12.364,12.388
2021-09-03,12.494,12.496,12.24,12.38
2021-09-07,12.684,12.75,12.52,12.6
2021-09-08,12.498,12.498,12.31,12.31
2021-09-09,12.26,12.458,12.26,12.31
2021-09-10,12.6,12.676,12.4,12.434
2021-09-13,12.554,12.574,12.482,12.53
2021-09-14,12.4,12.4,12.25,12.252
2021-09-15,12.488,12.488,12.16,12.238
2021-09-16,12.156,12.156,11.926,12.004
2021-09-17,12.15,12.15,12.0,12.14
2021-09-20,11.97,12.122,11.918,11.99
2021-09-21,12.15,12.15,12.04,12.05
2021-09-22,12.168,12.264,12.122,12.124
2021-09-23,12.328,12.328,12.13,12.28
2021-09-24,12.264,12.264,12.056,12.152
2021-09-27,12.25,12.258,12.084,12.148
2021-09-28,12.076,12.076,11.61,11.634
2021-09-29,11.89,11.984,11.8,11.802
2021-09-30,12.05,12.088,11.76,11.85
2021-10-01,10.956,11.374,10.956,11.26
2021-10-04,11.152,11.152,10.9,10.94
2021-10-05,10.966,11.0,10.882,10.92
2021-10-06,11.084,11.18,11.026,11.156
2021-10-07,11.292,11.38,11.264,11.33
2021-10-08,11.35,11.362,11.24,11.272
2021-10-11,11.336,11.36,11.192,11.283
2021-10-12,11.35,11.37,11.236,11.31
2021-10-13,11.308,11.308,11.22,11.29
2021-10-14,11.498,11.498,11.324,11.394
2021-10-15,11.264,11.31,11.24,11.258
2021-10-18,11.214,11.274,11.188,11.24
2021-10-19,11.308,11.308,11.152,11.21
2021-10-20,10.998,11.0,10.93,10.946
2021-10-21,11.058,11.066,10.88186,10.938
2021-10-22,10.948,11.06,10.938,10.972
2021-10-25,10.82,10.86,10.724,10.83
2021-10-26,10.738,10.924,10.71,10.73
2021-10-27,10.776,10.776,10.678,10.678
2021-10-28,10.802,10.942,10.8,10.934
2021-10-29,11.008,11.05,10.986,11.05
2021-11-01,11.144,11.144,11.006,11.108
2021-11-02,10.64,10.86,10.64,10.714
2021-11-03,10.9,10.928,10.59,10.719
2021-11-04,10.746,10.784,10.61,10.72
2021-11-05,10.9,11.142,10.9,11.07
2021-11-08,10.81,11.042,10.802,10.94
2021-11-09,10.944,10.99,10.91,10.92
2021-11-10,10.924,11.064,10.846,10.862
2021-11-11,10.952,11.0,10.932,11.0
2021-11-12,10.984,11.088,10.984,11.072
2021-11-15,11.084,11.0958,10.978,10.99
2021-11-16,11.1,11.294,11.1,11.19
2021-11-17,11.04,11.1,11.002,11.062
2021-11-18,11.28392,11.342,11.25,11.304
2021-11-19,11.382,11.414,11.304,11.366
2021-11-22,11.33,11.33,11.102,11.11
2021-11-23,11.21,11.318,10.97,11.018
2021-11-24,10.96,10.96,10.884,10.96
2021-11-26,10.914,10.95,10.84,10.854
2021-11-29,11.376,11.376,11.216,11.342
2021-11-30,11.188,11.188,10.954,11.016
2021-12-01,11.2,11.324,11.056,11.066
2021-12-02,11.362,11.43598,11.362,11.4
2021-12-03,11.218,11.218,11.032,11.16
2021-12-06,11.17,11.29,11.09,11.193
2021-12-07,11.574,11.574,11.176,11.55
2021-12-08,11.622,11.744,11.622,11.72
2021-12-09,11.85,11.948,11.704,11.73
2021-12-10,11.84,11.97,11.82,11.88
2021-12-13,11.802,11.838,11.7,11.7
2021-12-14,11.64,11.798,11.584,11.635
2021-12-15,11.736,11.796,11.602,11.784
2021-12-16,11.97,11.996,11.75,11.804
2021-12-17,11.716,11.726,11.632,11.642
2021-12-20,11.704,11.866,11.702,11.847
2021-12-21,12.152,12.232,12.064,12.19
2021-12-22,11.898,12.064,11.898,12.022
2021-12-23,12.098,12.182,12.098,12.182
2021-12-27,12.0,12.2746,12.0,12.26
2021-12-28,11.942,12.05,11.934,11.954
2021-12-29,11.814,12.0,11.814,11.898
2021-12-30,11.666,11.742,11.622,11.718
2021-12-31,11.666,11.7234,11.656,11.674
2022-01-03,11.8,11.98,11.65,11.694
2022-01-04,11.76,11.76,11.54,11.66
2022-01-05,11.548,11.55,11.362,11.388
2022-01-06,11.336,11.592,11.31,11.49
2022-01-07,11.6,11.634,11.54,11.62
2022-01-10,11.464,11.698,11.44,11.688
2022-01-11,11.506,11.856,11.506,11.798
2022-01-12,11.73,11.73,11.642,11.71
2022-01-13,11.584,11.59796,11.426,11.44
2022-01-14,11.392,11.484,11.392,11.432
2022-01-18,11.61,11.692,11.574,11.682
2022-01-19,11.7858,11.9,11.644,11.722
2022-01-20,12.064,12.128,11.856,11.982
2022-01-21,11.882,12.0411,11.864,11.864
2022-01-24,11.778,11.778,11.488,11.75
2022-01-25,11.789,11.996,11.5842,11.782
2022-01-26,12.222,12.34998,12.11,12.212
2022-01-27,12.22,12.356,12.218,12.238
2022-01-28,12.058,12.23,12.0,12.222
2022-01-31,12.176,12.28398,12.154,12.22
2022-02-01,12.286,12.4,12.286,12.39
2022-02-02,12.62,12.638,12.516,12.532
2022-02-03,12.308,12.578,12.226,12.32
2022-02-04,12.456,12.618,12.456,12.604
2022-02-07,12.722,12.764,12.666,12.676
2022-02-08,12.602,12.604,12.448,12.532
2022-02-09,12.538,12.664,12.444,12.65
2022-02-10,12.34,12.45,12.266,12.31
2022-02-11,12.35002,12.5,12.3,12.398
2022-02-14,12.546,12.546,12.372,12.474
2022-02-15,12.448,12.87,12.448,12.828
2022-02-16,12.802,12.802,12.634,12.71
2022-02-17,12.72,12.754,12.612,12.65
2022-02-18,12.71,12.89598,12.71,12.776
2022-02-22,12.718,12.718,12.54,12.62
2022-02-23,12.7,12.7,12.454,12.524
2022-02-24,12.184,12.474,12.17,12.47
2022-02-25,12.372,12.438,12.322,12.438
2022-02-28,12.58,12.7189,12.578,12.714
2022-03-01,12.594,12.634,12.538,12.552
2022-03-02,12.61402,12.665,12.596,12.662
2022-03-03,12.744,12.98798,12.7,12.718
2022-03-04,12.7,12.916,12.608,12.67
2022-03-07,12.42,12.558,12.248,12.316
2022-03-08,12.068,12.338,11.988,12.144
2022-03-09,12.75,12.75,12.468,12.62
2022-03-10,12.43,12.65,12.43,12.504
2022-03-11,12.538,12.649,12.466,12.496
2022-03-14,12.278,12.42,12.24,12.254
2022-03-15,12.24,12.278,12.161,12.24
2022-03-16,12.68,12.9,12.624,12.756
2022-03-17,12.962,12.962,12.68,12.858
2022-03-18,12.812,12.916,12.756,12.912
2022-03-21,12.7,12.918,12.7,12.856
2022-03-22,12.82,12.924,12.82,12.92
2022-03-23,13.0,13.19,13.0,13.144
2022-03-24,13.24202,13.272,13.212,13.244
2022-03-25,13.428,13.6,13.379,13.422
2022-03-28,13.204,13.442,13.204,13.432
2022-03-29,13.54,13.65,13.304,13.52
2022-03-30,12.806,12.986,12.8,12.838
2022-03-31,12.78,12.78,12.44,12.582
2022-04-01,12.88,12.998,12.88,12.968
2022-04-04,13.0,13.136,12.968,13.07
2022-04-05,12.98,12.98,12.66,12.668
2022-04-06,12.7,12.798,12.7,12.774
2022-04-07,12.78,12.908,12.759,12.776
2022-04-08,12.848,12.864,12.654,12.844
2022-04-11,12.738,12.758,12.672,12.672
2022-04-12,12.766,12.843,12.707,12.738
2022-04-13,12.82,12.91,12.784,12.9
2022-04-14,12.94,12.97,12.672,12.684
2022-04-18,12.64,12.64,12.528,12.546
2022-04-19,12.56,12.692,12.509,12.654
2022-04-20,12.732,12.732,12.44602,12.49
2022-04-21,12.5,12.645,12.304,12.342
2022-04-22,12.322,12.37,12.25,12.262
2022-04-25,11.924,12.374,11.924,12.374
2022-04-26,12.2,12.2,11.84,11.852
2022-04-27,11.97,11.986,11.822,11.896
2022-04-28,11.8,11.8,11.342,11.5
2022-04-29,11.498,11.604,11.388,11.396
2022-05-02,11.114,11.36,11.06,11.136
2022-05-03,11.004,11.2548,11.004,11.19
2022-05-04,11.4,11.416,11.146,11.408
2022-05-05,11.42,11.42,10.986,11.08
2022-05-06,10.95,11.088,10.88,10.998
2022-05-09,10.576,10.8,10.576,10.632
2022-05-10,11.082,11.35,10.488,10.84
2022-05-11,11.066,11.26,10.98,10.98
2022-05-12,10.902,11.224,10.902,11.12
2022-05-13,11.05602,11.134,11.05602,11.114
2022-05-16,10.78,11.00598,10.78,10.914
2022-05-17,11.0,11.222,11.0,11.112
2022-05-18,11.502,11.594,11.326,11.384
2022-05-19,11.396,11.63,11.396,11.52
2022-05-20,11.648,11.648,11.42,11.526
2022-05-23,11.578,11.774,11.578,11.674
2022-05-24,11.674,11.774,11.608,11.68
2022-05-25,11.106,11.31,11.106,11.292
2022-05-26,11.24,11.4,11.24,11.36
2022-05-27,11.1302,11.242,11.1302,11.218
2022-05-31,11.272,11.272,11.10002,11.12
2022-06-01,11.216,11.328,11.142,11.142
2022-06-02,11.012,11.124,11.012,11.112
2022-06-03,10.84,11.032,10.84,10.884
2022-06-06,11.0,11.18,10.958,11.044
2022-06-07,10.868,11.08398,10.868,11.024
2022-06-08,10.846,11.062,10.846,10.928
2022-06-09,11.178,11.184,11.018,11.05
2022-06-10,11.0,11.01,10.8,10.822
2022-06-13,10.76,10.76,10.59,10.59
2022-06-14,10.65,10.8,10.494,10.582
2022-06-15,10.4,10.6,10.4,10.55
2022-06-16,10.394,10.51602,10.388,10.456
2022-06-17,10.498,10.498,10.382,10.43
2022-06-21,10.798,10.798,10.444,10.604
2022-06-22,10.474,10.674,10.474,10.56
2022-06-23,10.45,10.66,10.438,10.644
2022-06-24,10.896,10.896,10.672,10.83
2022-06-27,10.814,10.814,10.74,10.774
2022-06-28,10.852,10.936,10.804,10.83
2022-06-29,10.96,10.96,10.64,10.798
2022-06-30,10.56,10.812,10.56,10.764
2022-07-01,10.69,10.69,10.442,10.642
2022-07-05,10.68,10.896,10.668,10.812
2022-07-06,11.04,11.04,10.784,10.808
2022-07-07,10.694,10.818,10.694,10.814
2022-07-08,10.43,10.796,10.43,10.7
2022-07-11,10.723,10.758,10.708,10.712
2022-07-12,10.7,10.948,10.7,10.882
2022-07-13,10.7,10.94,10.7,10.94
2022-07-14,10.92,10.92,10.722,10.856
2022-07-15,10.906,11.248,10.906,11.238
2022-07-18,11.2,11.342,11.181,11.27
2022-07-19,11.198,11.198,10.986,11.056
2022-07-20,11.1,11.346,11.1,11.212
2022-07-21,11.24,11.24,11.12,11.2
2022-07-22,11.25,11.3345,11.21,11.232
2022-07-25,11.24,11.24,11.08402,11.136
2022-07-26,11.096,11.096,10.89,10.89
2022-07-27,10.8,11.15,10.8,11.056
2022-07-28,11.2,11.2,11.069,11.162
2022-07-29,11.05408,11.26,11.05408,11.2
2022-08-01,11.002,11.1811,11.0,11.17
2022-08-02,11.2,11.2,10.888,10.906
2022-08-03,10.538,10.538,10.2,10.45
2022-08-04,10.598,10.724,10.516,10.724
2022-08-05,11.1,11.1,10.764,10.812
2022-08-08,10.69998,10.74,10.5616,10.648
2022-08-09,10.444,10.638,10.444,10.52
2022-08-10,10.466,10.82798,10.466,10.77
2022-08-11,10.708,10.8585,10.708,10.788
2022-08-12,10.56,10.86,10.56,10.788
2022-08-15,10.996,10.996,10.748,10.836
2022-08-16,10.956,10.956,10.822,10.876
2022-08-17,11.072,11.144,10.974,11.008
2022-08-18,11.164,11.25,11.156,11.222
2022-08-19,11.154,11.154,10.853,10.93
2022-08-22,10.92,10.954,10.85,10.856
2022-08-23,10.976,10.98,10.644,10.862
2022-08-24,10.75,10.76,10.55,10.588
2022-08-25,10.724,10.724,10.564,10.648
2022-08-26,10.402,10.6522,10.402,10.44
2022-08-29,10.4,10.4247,10.346,10.35
2022-08-30,10.398,10.398,10.252,10.286
2022-08-31,10.375,10.4,10.202,10.22
2022-09-01,10.2,10.224,10.14004,10.17
2022-09-02,10.17,10.19998,10.054,10.06
2022-09-06,10.068,10.2,10.006,10.03
2022-09-07,10.04,10.06,9.952,10.04
2022-09-08,10.3529,10.3529,10.046,10.12
2022-09-09,10.39598,10.39598,10.168,10.22
2022-09-12,10.36,10.46,10.312,10.36
2022-09-13,10.82,10.898,10.61,10.612
2022-09-14,10.6649,10.808,10.6649,10.80788
2022-09-15,10.704,10.898,10.704,10.838
2022-09-16,10.5,10.69,10.5,10.666
2022-09-19,10.508,10.692,10.508,10.69
2022-09-20,10.89,10.89,10.622,10.67
2022-09-21,10.472,10.676,10.472,10.57
2022-09-22,10.8,10.906,10.702,10.74
2022-09-23,10.575,10.66,10.446,10.52
2022-09-26,10.348,10.438,10.27402,10.304
2022-09-27,10.32,10.506,10.32,10.394
2022-09-28,10.4,10.449,10.31,10.428
2022-09-29,10.3,10.6,10.0,10.298
2022-09-30,10.0,10.236,9.952,10.194
2022-10-03,9.87,10.104,9.84,10.02002
2022-10-04,10.425,10.9,10.32,10.74
2022-10-05,10.39,10.62,10.21,10.39
2022-10-06,10.5,10.59,10.1,10.34
2022-10-07,10.37,10.62,10.16,10.27
2022-10-10,10.27,10.305,10.17,10.2
2022-10-11,10.15,10.5,10.11,10.1401
2022-10-12,10.055,10.22,10.01,10.17
2022-10-13,10.0,10.34,10.0,10.3103
2022-10-14,10.38,10.4,10.14,10.24
2022-10-17,10.25,10.4,10.22,10.25
2022-10-18,10.25,10.3,10.1,10.2
2022-10-19,10.12,10.2399,9.96,9.99
2022-10-20,10.01,10.4,10.01,10.05
2022-10-21,10.05,10.265,9.79,10.18
2022-10-24,10.2,10.2501,9.99,10.01
2022-10-25,9.77,10.14,9.77,10.1
2022-10-26,10.1,10.35,10.1,10.29
2022-10-27,10.15,10.245,10.05,10.075
2022-10-28,9.91,10.15,9.9,10.07
2022-10-31,10.1,10.39,10.1,10.12
2022-11-01,10.21,10.34,10.12,10.15
2022-11-02,10.11,10.5,10.01,10.17
2022-11-03,10.105,10.35,9.86,10.1
2022-11-04,10.105,10.24,10.05,10.18
2022-11-07,10.46,10.48,10.39,10.44
2022-11-08,10.3,10.3,9.89,9.99
2022-11-09,10.0,10.0,9.76,9.81
2022-11-10,9.99,10.28,9.99,10.26
2022-11-11,10.08,10.33,10.08,10.32
2022-11-14,10.0,10.24,10.0,10.14
2022-11-15,10.34,10.45,10.27,10.27
2022-11-16,10.33,10.4,10.27,10.33
2022-11-17,10.4,10.44,10.27,10.43
2022-11-18,10.57,10.6,10.47,10.51
2022-11-21,10.3,10.52,10.2,10.37
2022-11-22,10.37,10.5,10.37,10.5
2022-11-23,10.4,10.6625,10.4,10.63
2022-11-25,10.56,10.68,10.5401,10.63
2022-11-28,10.69,10.69,10.51,10.54
2022-11-29,10.5,10.61,10.5,10.59
2022-11-30,10.625,10.85,10.4,10.73
2022-12-01,10.56,10.7,10.56,10.58
2022-12-02,10.55,10.62,10.5,10.56
2022-12-05,10.42,10.55,10.31,10.34
2022-12-06,10.41,10.5189,10.39,10.43
2022-12-07,10.37,10.52,10.35,10.51
2022-12-08,10.44,10.53,10.38,10.44
2022-12-09,10.45,10.46,10.35,10.39
2022-12-12,10.38,10.44,10.29,10.34
2022-12-13,10.58,10.64,10.39,10.39
2022-12-14,10.56,10.59,10.42,10.49
2022-12-15,10.46,10.46,10.18,10.24
2022-12-16,10.13,10.19,10.0,10.14
2022-12-19,10.27,10.27,10.13,10.145
2022-12-20,10.32,10.46,10.31,10.42
2022-12-21,10.54,10.57,10.34,10.44
2022-12-22,10.68,10.68,10.42,10.49
2022-12-23,10.5,10.55,10.45,10.52
2022-12-27,10.52,10.6,10.4,10.41
2022-12-28,10.48,10.58,10.37,10.37
2022-12-29,10.5,10.56,10.5,10.53
2022-12-30,10.4,10.45,10.3,10.42
