Date (GMT),Last,emaTrend,trendBrDana,fbPos,fbNeg,fbNeu,FutureEmaTrend
2019-01-02,6.706,0,0,0.05703016271193822,0.08643957395106554,0.8565302533408006,1.0
2019-01-03,6.65,-1,0,0.05436465314899882,0.11499230175589521,0.8306430379549662,1.0
2019-01-04,6.73,1,0,0.07453358545899391,0.028413679140309494,0.8970527350902557,1.0
2019-01-07,6.8820000000000014,1,0,0.08614978074495282,0.08534608255805713,0.828504146209785,1.0
2019-01-08,6.949,1,0,0.17768722586333752,0.0514825857244432,0.7708302289247513,1.0
2019-01-09,7.1,1,0,0.05643206648528576,0.02638723561540246,0.9171807169914246,1.0
2019-01-10,6.978,1,0,0.28859408795833585,0.16349823996424676,0.547907654941082,1.0
2019-01-11,6.9670000000000005,1,0,0.0733174927532673,0.022389864921569823,0.904292631149292,-1.0
2019-01-14,7.104,1,0,0.14126705657690763,0.06550878924317657,0.7932241580449044,1.0
2019-01-15,7.343,1,0,0.14854632025318487,0.03143943327346018,0.8200142490012305,1.0
2019-01-16,7.3439999999999985,1,0,0.1623662899840962,0.029193034818903965,0.8084406581791964,-1.0
2019-01-17,7.62,1,0,0.10661628602870872,0.06963411658736213,0.8237495901329177,-1.0
2019-01-18,7.85,1,0,0.06614391984684127,0.2727864892887218,0.6610695884696075,-1.0
2019-01-22,7.603,1,0,0.11629764154553414,0.06836498662829399,0.8153373682498932,-1.0
2019-01-23,7.657999999999999,1,0,0.25167358395728195,0.025526152331043373,0.7228002629496835,-1.0
2019-01-24,7.749,1,0,0.06903593738873799,0.023520634820063908,0.9074434439341227,-1.0
2019-01-25,7.739,1,0,0.06146116182208061,0.15377749502658844,0.7847613692283629,-1.0
2019-01-28,7.4,-1,0,0.13700017533623254,0.053033209477479644,0.8099666042969778,-1.0
2019-01-29,7.6320000000000014,1,0,0.06929344683885574,0.025795506080612537,0.9049110561609268,-1.0
2019-01-30,7.74,1,0,0.08166468515992165,0.041264172022541366,0.8770711620648702,-1.0
2019-01-31,7.447999999999999,-1,0,0.1955800189293529,0.2188394450533547,0.5855805235179631,-1.0
2019-02-01,7.084,-1,0,0.17058461478778295,0.11097045478943203,0.7184449317199844,-1.0
2019-02-04,7.346,-1,0,0.20554131884127855,0.11967805754393339,0.6747806407511234,-1.0
2019-02-05,7.167999999999998,-1,0,0.19043173361569643,0.027750718989409506,0.7818175535649061,-1.0
2019-02-06,6.706,-1,0,0.11344978362321853,0.16615159325301648,0.7203986356655757,1.0
2019-02-07,6.652,-1,0,0.0781291127204895,0.10918589042765754,0.8126850021736962,1.0
2019-02-08,6.5760000000000005,-1,0,0.2864740710291598,0.08994185800353686,0.6235840734508302,1.0
2019-02-11,6.522,-1,0,0.09042748767468664,0.02812709141936567,0.8814454476038615,1.0
2019-02-12,6.62,-1,0,0.09828293998725712,0.13463451026473194,0.7670825433451682,1.0
2019-02-13,6.761,-1,0,0.24005821198225022,0.031593984365463255,0.7283477991819381,-1.0
2019-02-14,6.74,-1,0,0.06505338964052498,0.06219343445263803,0.8727531805634499,1.0
2019-02-15,6.732,-1,0,0.08837485918775201,0.054449376882985234,0.8571757450699806,-1.0
2019-02-19,6.6720000000000015,-1,0,0.11777907684445381,0.19935256224125625,0.682868330180645,-1.0
2019-02-20,6.67,-1,0,0.23685383051633835,0.02594969980418682,0.7371964624949864,1.0
2019-02-21,6.988,1,0,0.10287179916419766,0.10676014012741772,0.7903680660846558,-1.0
2019-02-22,7.108,1,0,0.14132732262506204,0.07561711704029757,0.7830555544180029,-1.0
2019-02-25,6.88,1,0,0.15589548416790508,0.13332185823292958,0.7107826599052974,-1.0
2019-02-26,6.954,1,0,0.15223069902923372,0.13859746418893337,0.7091718520969152,1.0
2019-02-27,7.1160000000000005,1,1,0.08674723319709302,0.10508104423061013,0.8081717252731323,1.0
2019-02-28,6.85,-1,1,0.10533000319264829,0.2629938874160871,0.6316761309280992,-1.0
2019-03-01,6.934,1,1,0.06083774846047163,0.02288857870735228,0.916273683309555,1.0
2019-03-04,6.742000000000001,-1,1,0.0614002201706171,0.021896462328732016,0.9167033135890961,1.0
2019-03-05,6.81,-1,0,0.09271325394511223,0.01721200980246067,0.8900747537612915,1.0
2019-03-06,6.93,1,0,0.057503062300384045,0.07044088235124946,0.8720560669898987,-1.0
2019-03-07,6.7620000000000005,-1,0,0.08295841049402952,0.017176754772663116,0.8998648077249527,-1.0
2019-03-08,6.6789999999999985,-1,0,0.10381022840738297,0.016785557381808758,0.8794042070706686,-1.0
2019-03-11,6.756,-1,0,0.0763302396517247,0.03265688207466155,0.8910128623247147,1.0
2019-03-12,6.858,1,0,0.26818045526742934,0.033030518889427186,0.6987890258431435,1.0
2019-03-13,6.974,1,0,0.17901566717773676,0.021478223924835522,0.7995060905814171,1.0
2019-03-14,6.79,-1,0,0.1109868474304676,0.037218175828456886,0.851794977982839,1.0
2019-03-15,6.984,1,0,0.052328420182069145,0.018550469540059563,0.9291210770606995,1.0
2019-03-18,7.1770000000000005,1,1,0.11157811060547829,0.06924714951310307,0.819174736738205,1.0
2019-03-19,7.023,1,1,0.1837549131596461,0.11137861508177593,0.7048664684407413,1.0
2019-03-20,6.82,-1,0,0.17967965970323843,0.07995187503878366,0.7403684603050351,1.0
2019-03-21,6.886,-1,1,0.1423644721508026,0.014608641155064106,0.843026876449585,1.0
2019-03-22,6.82,-1,1,0.05812739607478891,0.04332533611782959,0.8985472662108285,1.0
2019-03-25,6.9860000000000015,1,0,0.10803210061903183,0.025310046684283476,0.8666578565652554,1.0
2019-03-26,7.25,1,1,0.11675022562083445,0.06931400387302826,0.8139357727609182,1.0
2019-03-27,7.2,1,1,0.15454316387573877,0.02284580880465607,0.8226110143586993,1.0
2019-03-28,7.227,1,1,0.06453741267323494,0.023773506470024585,0.9116890609264374,1.0
2019-03-29,7.174,1,0,0.05108350639541944,0.030948638295133907,0.9179678459962209,1.0
2019-04-01,7.223,1,1,0.05825447953409619,0.027082315025230248,0.9146632022327847,1.0
2019-04-02,7.192,1,1,0.06451337039470673,0.022476345300674442,0.91301029920578,1.0
2019-04-03,7.3144,1,1,0.0789963910356164,0.10046080336906016,0.8205427974462509,1.0
2019-04-04,7.29,1,1,0.09709131419658659,0.015060126595199109,0.8878485202789307,1.0
2019-04-05,7.474,1,1,0.06855204375460744,0.07109497499186546,0.8603529594838619,1.0
2019-04-08,7.337999999999999,1,1,0.06903500780463219,0.022508689078191917,0.9084563056627909,1.0
2019-04-09,7.416,1,1,0.040889379169259756,0.030224457117063657,0.9288861325808934,1.0
2019-04-10,7.4060000000000015,1,1,0.04946717992424965,0.01891064643859864,0.9316221475601196,1.0
2019-04-11,7.35,1,0,0.07225484177470207,0.023821298219263553,0.9039238452911377,1.0
2019-04-12,7.59,1,0,0.13345784693956372,0.018198054283857346,0.848344107468923,1.0
2019-04-15,7.5939999999999985,1,0,0.0564872728039821,0.02727621894640227,0.9162364999453226,1.0
2019-04-16,7.6560000000000015,1,0,0.07130157947540283,0.022958257002756,0.9057401716709137,1.0
2019-04-17,7.744,1,0,0.06572488024830818,0.08792664967477322,0.8463484764099121,1.0
2019-04-18,8.692,1,0,0.25363670556130363,0.036964849331507496,0.7093984494168385,1.0
2019-04-22,8.588,1,0,0.11015915306905906,0.05512467373162508,0.8347161753972372,1.0
2019-04-23,8.282,1,0,0.10090151386192212,0.17584759305016354,0.7232508871417779,-1.0
2019-04-24,8.44,1,0,0.11040595546364784,0.4359647108034955,0.4536293223500252,1.0
2019-04-25,8.05,1,0,0.17501129447059197,0.22697740954092957,0.598011280325326,-1.0
2019-04-26,8.61,1,0,0.1326362835791181,0.10529194525716935,0.7620717646444545,1.0
2019-04-29,8.676,1,0,0.09327856565897281,0.030402824211005982,0.8763186243864206,-1.0
2019-04-30,8.616,1,0,0.24065381214022635,0.017624319344758988,0.7417218580842018,1.0
2019-05-01,8.602,1,0,0.14707482872264727,0.05035182248268809,0.8025733232498169,1.0
2019-05-02,8.587,1,0,0.10317509553649208,0.01960761946710673,0.8772172982042487,-1.0
2019-05-03,8.707,1,0,0.18856793103946579,0.04339736658665869,0.7680347296926711,-1.0
2019-05-06,8.672,1,0,0.19208170870939892,0.01767838007460038,0.7902399063110351,1.0
2019-05-07,8.347999999999999,-1,0,0.15875547805002757,0.03209710506988423,0.8091474260602679,1.0
2019-05-08,8.492,1,0,0.07411269098520279,0.025449519577835287,0.9004377978188651,1.0
2019-05-09,8.404,-1,0,0.08359160061393466,0.022712083799498423,0.8936963166509356,1.0
2019-05-10,8.526,1,0,0.055014487355947495,0.032351639587432146,0.9126338735222816,1.0
2019-05-13,8.267999999999999,-1,0,0.08277521601745061,0.01818007736333779,0.8990447010312762,1.0
2019-05-14,8.527999999999999,1,0,0.11249315459281206,0.01861664094030857,0.8688902109861374,1.0
2019-05-15,8.612,1,1,0.460692485794425,0.19227633671835065,0.3470311835408211,1.0
2019-05-16,8.48,-1,0,0.2269265027716756,0.03407424818724394,0.7389992445707321,1.0
2019-05-17,8.48,-1,0,0.07199753783643245,0.01726558953523636,0.9107368946075439,1.0
2019-05-20,8.554,1,0,0.12276582792401314,0.032643263693898916,0.8445908986032009,1.0
2019-05-21,8.638,1,0,0.17781758308410645,0.05373305198736489,0.7684493772685528,1.0
2019-05-22,8.65,1,0,0.22720451429486274,0.06393414959311486,0.7088613450527191,1.0
2019-05-23,8.684,1,0,0.2767804451286793,0.027242694422602652,0.6959768652915954,1.0
2019-05-24,8.922,1,0,0.1481764776011308,0.020134406940390665,0.8316890895366669,1.0
2019-05-28,8.828,1,1,0.16045863525225565,0.031637317286087915,0.8079040520466291,-1.0
2019-05-29,8.83,1,0,0.17974688381784493,0.02368192757583327,0.7965711814661821,-1.0
2019-05-30,8.756,1,0,0.06329445354640484,0.01918407684812943,0.9175214966138204,-1.0
2019-05-31,8.827,1,0,0.037570029497146606,0.030389830470085144,0.9320400953292848,-1.0
2019-06-03,8.872,1,0,0.10845905169844627,0.03136548371985555,0.8601754486560822,-1.0
2019-06-04,8.866,1,0,0.28412891924381256,0.036787416165073715,0.6790836950143179,1.0
2019-06-05,8.94,1,0,0.10607106688742836,0.15743661004429063,0.7364923090984424,-1.0
2019-06-06,8.927999999999997,1,0,0.11296677589416503,0.016789718763902783,0.8702435195446014,1.0
2019-06-07,9.068,1,0,0.049746670946478846,0.028986626118421555,0.9212667107582092,1.0
2019-06-10,9.078,1,0,0.2160135102768739,0.06286369059234857,0.721122785905997,1.0
2019-06-11,8.857999999999997,-1,0,0.20768604456232145,0.1672829858099039,0.625030979514122,-1.0
2019-06-12,8.62,-1,-1,0.22434546941748032,0.19012205539127955,0.585532488158116,-1.0
2019-06-13,8.612,-1,-1,0.09585629776120186,0.02105725680788358,0.8830864330132803,1.0
2019-06-14,8.63,-1,0,0.20970058366656302,0.09985634610056876,0.6904430449008941,1.0
2019-06-17,8.636000000000001,-1,0,0.0668924195183949,0.021485923958772964,0.9116216518662192,1.0
2019-06-18,8.84,1,-1,0.07311139357360927,0.09735695653679696,0.829531645232981,1.0
2019-06-19,8.76,-1,0,0.06292160165806611,0.3051279711847504,0.6319504131873449,1.0
2019-06-20,8.992,1,0,0.0799598740413785,0.03589482745155692,0.8841453045606613,1.0
2019-06-21,8.922,1,0,0.04295545443892479,0.02972352504730225,0.9273210167884828,1.0
2019-06-24,8.902000000000003,1,0,0.06881999857723713,0.12589614456519485,0.8052838802337646,1.0
2019-06-25,8.816,-1,0,0.13624566793441772,0.020284347236156464,0.8434699177742004,1.0
2019-06-26,8.8,-1,0,0.3074124436825514,0.03107653558254242,0.6615110095590353,1.0
2019-06-27,9.092,1,0,0.15575877763330936,0.025423364993184806,0.8188178479671478,1.0
2019-06-28,9.154,1,0,0.1454259790480137,0.024144080157081287,0.8304299447271559,1.0
2019-07-01,9.258,1,0,0.05716042662970722,0.13765887427143753,0.805180705152452,1.0
2019-07-02,9.246,1,0,0.07021622695028781,0.027581220399588345,0.9022025287151336,1.0
2019-07-03,9.424,1,0,0.07263419637456536,0.020398035878315568,0.9069677889347076,1.0
2019-07-05,9.354,1,0,0.1803789224475622,0.02708648005500436,0.7925346434116364,1.0
2019-07-08,9.328,1,0,0.07872249962141116,0.10068837824898462,0.8205891257772843,-1.0
2019-07-09,9.282,1,0,0.05196168912308557,0.024437916997287954,0.9236003926822117,-1.0
2019-07-10,9.6,1,0,0.15991022934516272,0.053597242916347806,0.7864925385349326,-1.0
2019-07-11,9.661,1,0,0.16818148270249367,0.05927629380797347,0.7725422200229433,-1.0
2019-07-12,9.6456,1,0,0.16671067429706454,0.1997394694481045,0.6335498504340649,-1.0
2019-07-15,9.622,1,0,0.19161405842751264,0.03807793324813247,0.7703080087900162,-1.0
2019-07-16,9.53,1,0,0.22451852783560752,0.021472123637795448,0.7540093213319778,-1.0
2019-07-17,9.492,1,0,0.14622518606483936,0.03799463035538793,0.8157801806926728,-1.0
2019-07-18,9.596,1,0,0.17049280633883818,0.03905776688562972,0.7904494064194816,1.0
2019-07-19,9.508,1,0,0.047323430991835065,0.39156309815330637,0.5611134510901239,-1.0
2019-07-22,9.34,-1,0,0.187802705405788,0.04227229343219237,0.7699250104752454,-1.0
2019-07-23,9.244,-1,0,0.09368887543678284,0.029028723388910292,0.8772824048995972,-1.0
2019-07-24,9.22,-1,-1,0.043141014873981476,0.025869766250252724,0.9309891859690348,1.0
2019-07-25,9.164,-1,-1,0.06230126693844795,0.03255276754498482,0.9051460027694702,1.0
2019-07-26,9.244,-1,-1,0.05573459155857563,0.03903227671980858,0.9052331447601318,-1.0
2019-07-29,9.306,-1,-1,0.06837501935660839,0.019390689209103588,0.9122342765331268,-1.0
2019-07-30,9.16,-1,-1,0.14073358025205762,0.09071860325179602,0.768547821593912,-1.0
2019-07-31,9.238,-1,0,0.16556021157238218,0.15400107049693665,0.6804387267265055,-1.0
2019-08-01,9.472,1,-1,0.10461755629096713,0.05837829444291336,0.8370041464056287,1.0
2019-08-02,9.306,-1,-1,0.08309690095484257,0.03207608126103878,0.8848270177841187,1.0
2019-08-05,9.04,-1,-1,0.0767280907534501,0.054426519748042614,0.8688453856636497,1.0
2019-08-06,9.177,-1,-1,0.08615865278989077,0.026239472907036543,0.8876018822193146,1.0
2019-08-07,9.31,1,0,0.25121057281891507,0.019694740573565166,0.7290946779151758,1.0
2019-08-08,9.408,1,0,0.06784538924694061,0.02470865938812494,0.9074459373950958,1.0
2019-08-09,9.28,-1,0,0.07132417460282643,0.02285614237189293,0.9058196743329366,1.0
2019-08-12,9.204,-1,0,0.07142765234623637,0.1128513232937881,0.8157210307461875,1.0
2019-08-13,9.212,-1,0,0.14003140572458506,0.03173891454935074,0.8282296657562256,1.0
2019-08-14,9.216,-1,0,0.1337770689278841,0.02550562284886837,0.8407173007726669,1.0
2019-08-15,9.34,1,0,0.09933418242467774,0.03387313160217471,0.8667926722102695,1.0
2019-08-16,9.41,1,0,0.15188371804025438,0.03496988583356142,0.8131463941600587,-1.0
2019-08-19,9.43,1,0,0.08792641891964845,0.03922072212610926,0.8728528533663068,1.0
2019-08-20,9.346,1,0,0.07684820890426636,0.03562187198549509,0.8875299334526062,1.0
2019-08-21,9.498,1,0,0.07660526658097903,0.019132327909270923,0.9042624235153198,1.0
2019-08-22,9.39,1,0,0.06991095095872879,0.02359453029930592,0.9064945578575134,1.0
2019-08-23,9.42,1,0,0.1229492537677288,0.024173282273113727,0.8528774619102478,1.0
2019-08-26,9.492,1,0,0.11753972768783569,0.09539001574739814,0.7870702534914017,1.0
2019-08-27,9.55,1,0,0.07209177356627253,0.11918428271181053,0.8087239580021964,-1.0
2019-08-28,9.526,1,0,0.22736362492044768,0.01976702890048424,0.7528693427642187,-1.0
2019-08-29,9.542,1,0,0.09039566878761564,0.06487683499498027,0.8447275076593671,1.0
2019-08-30,9.45,-1,0,0.0977180168653528,0.04110925272107124,0.8611727058887482,-1.0
2019-09-03,9.562,1,0,0.09797038191131183,0.02599087909662298,0.8760387258870261,1.0
2019-09-04,9.706,1,0,0.1715379590789477,0.059876448040207225,0.7685855994621913,1.0
2019-09-05,9.62,1,0,0.3939498734350006,0.05975552493085464,0.546294620881478,1.0
2019-09-06,9.682,1,0,0.08190611973404885,0.025130580365657806,0.8929632782936097,1.0
2019-09-09,9.814,1,0,0.11384885525330901,0.025152441929094493,0.8609987199306488,1.0
2019-09-10,9.684,1,0,0.10355573846027255,0.024754060548730195,0.8716902136802673,-1.0
2019-09-11,9.578,-1,0,0.19207422186930975,0.08404404732088244,0.723881741364797,-1.0
2019-09-12,9.6,-1,0,0.1305394514153401,0.020276451483368874,0.8491840759913126,-1.0
2019-09-13,9.624,1,0,0.06869163271039724,0.02274846041109413,0.9085599184036255,-1.0
2019-09-16,9.58,-1,0,0.08146458026021719,0.12488223426043987,0.7936532031744719,-1.0
2019-09-17,9.686,1,0,0.10450274348258973,0.19530408289283513,0.700193177163601,-1.0
2019-09-18,9.822,1,0,0.08013347908854485,0.015864665775249403,0.9040018320083618,-1.0
2019-09-19,9.848,1,0,0.3899703327980306,0.16591418658693632,0.4441154897212982,1.0
2019-09-20,9.852,1,0,0.09349407255649567,0.017642861348576844,0.8888630867004395,1.0
2019-09-23,9.88,1,0,0.10319035180977412,0.018022425206644193,0.878787236554282,-1.0
2019-09-24,9.52,-1,0,0.07656606286764145,0.07678115414455533,0.8466527685523033,-1.0
2019-09-25,9.518,-1,0,0.1364096450404479,0.09151746010264525,0.7720728922062196,1.0
2019-09-26,9.456,-1,0,0.07448315713554621,0.020858439384028316,0.9046584069728851,-1.0
2019-09-27,9.32,-1,0,0.05803405027836561,0.07142295315861702,0.8705430030822754,-1.0
2019-09-30,9.326,-1,0,0.10463909659948614,0.16497521123124492,0.7303856843047671,-1.0
2019-10-01,9.354,-1,0,0.07675479725003244,0.16590717186530432,0.7573380544781685,-1.0
2019-10-02,9.41,-1,0,0.07270123126606147,0.1921024632950624,0.7351962762574354,-1.0
2019-10-03,9.486,1,0,0.07378770709037781,0.02066307468339801,0.9055492043495178,-1.0
2019-10-04,9.606,1,0,0.14419101178646088,0.1257183672860265,0.7300906479358673,-1.0
2019-10-07,9.442,-1,0,0.07135456521064043,0.021319361519999802,0.9073260799050331,-1.0
2019-10-08,9.336,-1,0,0.06397616863250732,0.4685282427817583,0.4674956258386374,-1.0
2019-10-09,9.544,1,0,0.102245199183623,0.027477527658144634,0.8702772657076517,-1.0
2019-10-10,9.35,-1,0,0.09899503240982688,0.26770326991875965,0.6333016703526179,-1.0
2019-10-11,9.278,-1,0,0.08471567183732986,0.03528127819299698,0.880003035068512,-1.0
2019-10-14,9.234,-1,0,0.1665464835241437,0.02536396433909734,0.80808953444163,-1.0
2019-10-15,9.252,-1,0,0.0509871207177639,0.028500324115157124,0.920512557029724,-1.0
2019-10-16,9.186,-1,0,0.05799245685338974,0.19433065578341485,0.7476769030094147,1.0
2019-10-17,8.962,-1,0,0.3167893354381834,0.26729781473321573,0.41591283093605724,1.0
2019-10-18,8.888,-1,0,0.23752216741974866,0.09695698892963785,0.6655208580195904,1.0
2019-10-21,8.822000000000003,-1,0,0.07429333983992155,0.1687274113870584,0.7569792309346107,1.0
2019-10-22,8.854,-1,0,,,,1.0
2019-10-23,8.83,-1,0,0.09449512511491776,0.02008571894839406,0.8854191601276398,1.0
2019-10-24,8.716000000000001,-1,0,0.20646111108362675,0.08069825172424316,0.7128405869007111,1.0
2019-10-25,8.458,-1,0,0.06784837320446968,0.026260673999786377,0.905890941619873,1.0
2019-10-28,8.51,-1,0,0.12430919148027897,0.06412398326210678,0.8115668222308159,1.0
2019-10-29,8.597999999999999,-1,0,0.09974782807486397,0.02290290328008788,0.8773492234093803,1.0
2019-10-30,8.812000000000003,1,0,0.0804402744397521,0.024081607349216938,0.8954780846834183,1.0
2019-10-31,9.304,1,0,0.24179678736254573,0.07746417069574818,0.680739026516676,1.0
2019-11-01,9.922,1,0,0.09753549648448825,0.05372096365317702,0.8487435400485992,-1.0
2019-11-04,9.88,1,0,0.1516849911556794,0.03510627609032851,0.8132087221512427,1.0
2019-11-05,9.87,1,0,0.11954905499111522,0.016358052549714393,0.8640928647734902,1.0
2019-11-06,9.63812,1,0,0.29376086918637156,0.02303099725395441,0.6832081219181418,1.0
2019-11-07,9.632,1,0,0.46309153735637665,0.029394954442977905,0.5075134821236134,1.0
2019-11-08,9.594,1,0,0.05265633761882782,0.045488071627914906,0.9018556475639343,-1.0
2019-11-11,9.62,1,0,0.09492668683330217,0.06386733340720337,0.8412059624989827,1.0
2019-11-12,9.682,1,0,0.08409816612090383,0.13451785055388296,0.7813839805977685,1.0
2019-11-13,9.63,1,0,0.11017337664961815,0.06026959456503391,0.8295570135116577,1.0
2019-11-14,9.62,1,0,0.10159515216946602,0.47600146476179367,0.4224034249782562,-1.0
2019-11-15,9.484,-1,0,0.18702326404551664,0.5930819232016802,0.21989483386278152,1.0
2019-11-18,9.614,1,0,0.12927514043721286,0.04882048883221366,0.8219043368642981,1.0
2019-11-19,9.754,1,0,,,,1.0
2019-11-20,9.908,1,0,0.058405411740144096,0.03665485419332981,0.9049397706985474,1.0
2019-11-21,9.736,1,0,0.24884767876937985,0.0828261097582678,0.668326223269105,1.0
2019-11-22,9.595,-1,0,0.14769077859818935,0.06361148692667484,0.7886977791786194,1.0
2019-11-25,9.768,1,0,0.12246207458277543,0.12320245639421046,0.7543354630470276,1.0
2019-11-26,9.748,1,0,0.08797480591705867,0.10162313096225262,0.8104020782879421,1.0
2019-11-27,9.76,1,0,0.12859023486574492,0.023794425030549366,0.8476153214772543,1.0
2019-11-29,9.678,-1,0,0.16498958272859454,0.03394623671192676,0.8010641783475876,-1.0
2019-12-02,10.008,1,0,0.08738334426148371,0.05496593763713132,0.857650718905709,1.0
2019-12-03,10.186,1,0,0.13876185353313172,0.06486839395282525,0.796369765486036,1.0
2019-12-04,10.145,1,0,0.13343685500323774,0.036536431163549425,0.8300267130136489,-1.0
2019-12-05,9.998,1,0,0.06471672685196002,0.02276902925223112,0.9125142296155294,-1.0
2019-12-06,10.11,1,0,0.2594673605635762,0.028440468013286587,0.7120921723544598,-1.0
2019-12-09,10.344,1,0,0.2184475176036358,0.03277102551822152,0.7487814628652164,-1.0
2019-12-10,10.59,1,0,0.24901794302074806,0.030331670387607555,0.7206503722978674,-1.0
2019-12-11,10.505999999999998,1,0,0.0969322526620494,0.02111950723661317,0.8819482458962334,-1.0
2019-12-12,10.376,1,0,0.031206279061734676,0.042107149958610535,0.926686555147171,-1.0
2019-12-13,10.19,-1,0,0.1841415036469698,0.03045941113183896,0.7853990644216537,-1.0
2019-12-16,10.462,1,0,0.10711362624638959,0.030347860124158233,0.8625384976989344,-1.0
2019-12-17,10.39,1,0,0.12895905934274196,0.03557787341997028,0.8354630649089814,1.0
2019-12-18,10.186,-1,0,0.04172307646108998,0.07808477276315291,0.8801921473609077,1.0
2019-12-19,9.93,-1,0,0.10348906368017197,0.08738506725057957,0.8091258853673935,-1.0
2019-12-20,9.896,-1,0,0.18464717326255944,0.10308691809097162,0.7122658926707047,-1.0
2019-12-23,9.928,-1,0,0.08720341407590443,0.07700851476854748,0.8357880777782865,-1.0
2019-12-24,9.91,-1,0,0.2393747183183829,0.05041103654851516,0.7102142373720804,-1.0
2019-12-26,9.98,-1,0,0.08888190452541624,0.1231005656133805,0.7880175369126456,-1.0
2019-12-27,10.0,-1,0,0.1638851173222065,0.01843531858175993,0.8176795482635498,-1.0
2019-12-30,9.94,-1,0,0.056591873367627464,0.020955059677362442,0.9224530657132465,-1.0
2019-12-31,9.98,-1,0,0.08127016387879848,0.06950940315922101,0.8492204149564108,-1.0
2020-01-02,10.138,1,0,0.09971265122294426,0.13030649325810373,0.7699808198958635,-1.0
2020-01-03,10.05,1,1,0.27643109392374754,0.02920123958028853,0.6943676797673106,-1.0
2020-01-06,9.91,-1,1,0.13445486407727003,0.048275208566337824,0.8172699324786663,-1.0
2020-01-07,9.832,-1,0,0.087955042719841,0.014314236585050821,0.897730678319931,-1.0
2020-01-08,9.922,-1,1,0.13042845204472542,0.019993817899376154,0.8495777398347855,1.0
2020-01-09,9.908,-1,0,0.061448228235046067,0.020167929120361805,0.9183838466803232,1.0
2020-01-10,9.892,-1,0,0.1441356800496578,0.0159100741147995,0.8399542272090912,-1.0
2020-01-13,9.92,-1,0,0.1532533574849367,0.14358657589182258,0.7031600572168827,-1.0
2020-01-14,9.83,-1,0,0.11680589492122333,0.10733803074496488,0.775856077671051,-1.0
2020-01-15,9.802,-1,0,0.1283741369843483,0.2238358377944678,0.6477900436148047,-1.0
2020-01-16,9.768,-1,0,0.08835045737214386,0.18310557041938105,0.728543964214623,-1.0
2020-01-17,9.734,-1,0,0.03372375041778598,0.5581100402133805,0.40816623557891163,-1.0
2020-01-21,9.792,-1,0,0.08265623984237512,0.25558501326789457,0.6617587305605411,-1.0
2020-01-22,9.81,-1,0,0.28601537868380544,0.08246207628399134,0.6315225332975387,-1.0
2020-01-23,9.952,1,0,0.05840168334543705,0.03107195471723874,0.9105263153711954,-1.0
2020-01-24,9.946,1,0,0.07271617650985718,0.023089982569217682,0.904193878173828,-1.0
2020-01-27,9.636,-1,0,0.08793325775435992,0.02683425322175026,0.8852324868951525,-1.0
2020-01-28,9.79,-1,0,0.1358305203417937,0.03490659718712171,0.8292628725369772,-1.0
2020-01-29,9.76,-1,0,0.08550384108509336,0.028885546007326672,0.8856106059891837,-1.0
2020-01-30,9.47,-1,0,0.10814721612259745,0.07914853231050074,0.8127042427659035,-1.0
2020-01-31,9.18,-1,0,0.07989389087574986,0.07250460692179891,0.8476014892355754,-1.0
2020-02-03,9.164,-1,0,0.07614007778465748,0.07176306610926986,0.852096849017673,-1.0
2020-02-04,9.284,-1,0,0.10206525400280952,0.023761873443921406,0.8741728564103445,-1.0
2020-02-05,9.28,-1,0,,,,-1.0
2020-02-06,9.266,-1,0,0.030752868158742785,0.48329229187220335,0.48595487140119076,-1.0
2020-02-07,9.206,-1,0,0.08390277624130249,0.027685101376846433,0.8884121030569077,-1.0
2020-02-10,9.28,-1,0,0.09914492729764718,0.024631037806662228,0.8762240478625665,-1.0
2020-02-11,9.356,-1,0,0.06354484409093857,0.02942565605044365,0.9070294857025146,-1.0
2020-02-12,9.28,-1,0,0.11390620070908751,0.02701918368360826,0.8590746223926544,-1.0
2020-02-13,9.14,-1,0,0.11896347119049593,0.10353013585236939,0.7775064002383839,-1.0
2020-02-14,9.044,-1,0,0.04858031661974059,0.5133500237845712,0.4380696767734157,-1.0
2020-02-18,8.998,-1,0,0.17826621127980097,0.10947985241987876,0.7122539425534862,-1.0
2020-02-19,9.09,-1,0,0.0719759836792946,0.032585703767836094,0.8954383432865143,1.0
2020-02-20,8.966000000000003,-1,0,0.06348478297392528,0.030085304751992226,0.9064298868179321,1.0
2020-02-21,8.87,-1,0,0.03816871220866839,0.02827703021466732,0.9335542718569437,1.0
2020-02-24,8.634,-1,0,0.0957812000066042,0.12562722191214562,0.7785915803164244,-1.0
2020-02-25,8.677999999999999,-1,0,0.09931776113808155,0.10626044368837029,0.7944217994809151,1.0
2020-02-26,8.77,-1,0,0.09516804572194815,0.039973712526261806,0.8648582249879837,-1.0
2020-02-27,8.508,-1,0,0.07076442055404186,0.03581388884534439,0.8934216698010763,-1.0
2020-02-28,8.396,-1,0,0.09628309309482576,0.017594469245523214,0.8861224353313446,-1.0
2020-03-02,8.646,-1,0,0.15579603682272136,0.04294948268216103,0.801254466176033,-1.0
2020-03-03,8.507,-1,0,0.03866919651627541,0.13655603379011155,0.8247747778892517,-1.0
2020-03-04,8.758,1,0,0.4048725813627243,0.05001224437728524,0.5451151877641678,-1.0
2020-03-05,8.752,1,0,0.08029046282172203,0.02518185507506132,0.8945276886224747,1.0
2020-03-06,8.776,1,0,0.06773369908332824,0.06501467525959015,0.8672516345977783,1.0
2020-03-09,8.48,-1,0,0.13401762608970916,0.08950078700269971,0.7764815954225404,1.0
2020-03-10,8.6988,1,0,0.2043154016137123,0.02159008989110589,0.7740945170323054,1.0
2020-03-11,8.306000000000001,-1,0,0.04186870716512203,0.17955893464386463,0.7785723706086477,1.0
2020-03-12,7.784,-1,0,0.10980049644907315,0.0420301454141736,0.8481693665186564,1.0
2020-03-13,7.939,-1,0,0.0890056835487485,0.4249560870230198,0.48603823129087687,1.0
2020-03-16,7.5928,-1,0,0.08883969499064344,0.13658485169123327,0.7745754404791764,1.0
2020-03-17,8.204,-1,0,0.08510766098541873,0.07519445887633733,0.8396978718893868,1.0
2020-03-18,8.142000000000001,-1,0,0.06435549817979336,0.03655577078461647,0.8990887403488159,1.0
2020-03-19,8.77,1,0,0.10350228101015091,0.031290220096707344,0.8652074933052063,1.0
2020-03-20,8.701,1,1,0.13672475596623762,0.044296144374779294,0.8189790759767804,1.0
2020-03-23,8.596,1,0,0.12828747369349003,0.024369245239843924,0.8473432776000764,1.0
2020-03-24,8.927999999999997,1,0,0.03935787081718445,0.029721617698669437,0.9309204816818236,1.0
2020-03-25,8.762,1,0,0.10562148193518321,0.019305262093742687,0.8750733137130737,1.0
2020-03-26,9.172,1,0,0.049277217437823616,0.0991133141020934,0.8516094684600829,1.0
2020-03-27,9.137,1,0,0.1611143108457327,0.04707326041534543,0.7918124496936798,1.0
2020-03-30,9.628,1,0,0.1296903498862919,0.05622876146318097,0.8140808939933777,1.0
2020-03-31,9.656,1,0,0.12141844299104479,0.05310308871169885,0.8254784742991129,1.0
2020-04-01,9.69,1,0,0.09500614512297842,0.04238651009897391,0.8626073466406928,1.0
2020-04-02,9.7,1,0,0.10281147621572018,0.043383216352335045,0.8538052950586591,1.0
2020-04-03,9.608,1,1,0.07997114397585392,0.23480351362377405,0.685225360095501,1.0
2020-04-06,10.018,1,0,0.06853310531005263,0.08055443852208555,0.8509124591946602,1.0
2020-04-07,10.016,1,1,0.040051891235634685,0.315066781360656,0.6448812964372337,1.0
2020-04-08,10.104,1,1,0.05800219997763634,0.03611031547188759,0.9058875143527985,1.0
2020-04-09,10.098,1,1,0.1191472515463829,0.032526249438524245,0.8483264923095704,1.0
2020-04-13,10.36,1,1,0.17226795819790466,0.14728290194888477,0.680449155361756,1.0
2020-04-14,10.604,1,1,0.15796966633448997,0.1260866029188037,0.7159437090158463,1.0
2020-04-15,10.818,1,1,0.11614211242307317,0.04172142527320168,0.8421364643357017,1.0
2020-04-16,11.02,1,1,0.3532132301479578,0.0645049202721566,0.5822818552454313,-1.0
2020-04-17,10.726,1,1,0.08238583856395312,0.023854548909834454,0.8937596167836871,-1.0
2020-04-20,10.58,1,1,0.30729116233331816,0.06842961641294616,0.6242792393480029,-1.0
2020-04-21,11.024,1,1,0.18518339805305004,0.0772237996570766,0.7375928072724491,-1.0
2020-04-22,10.97,1,1,0.16633204733462711,0.02877850198235951,0.8048894609275618,1.0
2020-04-23,10.836,1,1,0.05005769897252321,0.023078985163010657,0.9268633425235748,1.0
2020-04-24,10.965,1,1,0.060827975533902644,0.21177094355225562,0.7274010919034481,-1.0
2020-04-27,10.93,1,1,0.1273995009250939,0.03876110515557229,0.8338393867015839,-1.0
2020-04-28,10.762,1,0,0.1679792640109857,0.06851508592565854,0.7635056773821512,-1.0
2020-04-29,10.85,1,0,0.0877620093524456,0.025445134999851387,0.8867928485075632,-1.0
2020-04-30,10.288,-1,0,0.04759403970092535,0.18701923359185457,0.7653867304325104,-1.0
2020-05-01,10.472,-1,0,,,,-1.0
2020-05-04,10.454,-1,0,0.08637809918986426,0.024595556056333914,0.8890263570679559,1.0
2020-05-05,10.554,-1,0,0.13518076123935835,0.21930796001106498,0.6455112865992955,-1.0
2020-05-06,10.63,1,0,0.1025361716747284,0.09895155898162297,0.7985122799873352,-1.0
2020-05-07,10.87,1,0,0.16337095413889205,0.06820902757213584,0.7684200104059917,-1.0
2020-05-08,10.36,-1,0,0.1404919526897944,0.13921565018021143,0.7202923954106294,1.0
2020-05-11,10.238,-1,0,0.12660227817567912,0.11899935377931053,0.7543983808295294,-1.0
2020-05-12,10.364,-1,0,0.04502118503053983,0.506778127203385,0.44820067783196765,-1.0
2020-05-13,10.42,-1,0,0.13742499384615156,0.0466523337074452,0.8159226775169373,-1.0
2020-05-14,10.454,-1,0,0.1169411651790142,0.14519740163814276,0.7378614228218794,-1.0
2020-05-15,10.478,-1,0,0.11416169456564464,0.3895587535718313,0.49627955773702037,1.0
2020-05-18,10.522,1,0,0.13571406994014978,0.18618265341501683,0.6781032783910632,-1.0
2020-05-19,10.22,-1,0,0.0659129910171032,0.18581123240292072,0.7482757970690728,1.0
2020-05-20,10.33,-1,0,0.07176171336323023,0.020149576710537076,0.9080887138843536,1.0
2020-05-21,10.396,-1,0,0.06112619303166866,0.021523473784327507,0.9173503220081329,1.0
2020-05-22,10.425999999999998,1,0,0.13978172793532861,0.16922373852382103,0.6909945558643702,-1.0
2020-05-26,10.27,-1,0,0.14604366260270277,0.05872033148383101,0.7952359964450201,1.0
2020-05-27,10.254,-1,0,0.09209057502448559,0.016060002148151398,0.891849398612976,1.0
2020-05-28,10.24,-1,0,0.053652893751859665,0.02037919343759616,0.9259678920110067,1.0
2020-05-29,10.168,-1,0,0.12633993849158287,0.015933179762214422,0.8577269017696381,1.0
2020-06-01,10.362,1,0,0.08826607912778854,0.1960779445245862,0.7156559467315674,1.0
2020-06-02,10.13,-1,0,0.06979292010267575,0.1544453203678131,0.7757617632548014,1.0
2020-06-03,10.29,1,0,0.029427975416183468,0.0382550060749054,0.9323170185089112,1.0
2020-06-04,10.418,1,0,0.036108024418354034,0.049317000433802605,0.9145749807357788,1.0
2020-06-05,10.544,1,0,0.04808564856648445,0.02036396227777004,0.9315503239631652,1.0
2020-06-08,10.344,-1,0,0.09930370301008225,0.04072521161288023,0.8599710822105407,1.0
2020-06-09,10.47,1,0,0.038043520972132684,0.23821287862956525,0.7237436026334763,1.0
2020-06-10,10.548,1,1,0.08373664394021034,0.05242109932005405,0.8638422608375549,1.0
2020-06-11,10.77,1,0,0.08891557157039642,0.020372877083718776,0.8907115578651428,-1.0
2020-06-12,11.08,1,0,0.2393459789454937,0.05988225943098466,0.7007717515031496,-1.0
2020-06-15,10.998,1,0,0.11039183987304568,0.13404452883534962,0.7555636224440403,-1.0
2020-06-16,11.14,1,0,0.053042604277531304,0.02991178072988987,0.9170455932617188,-1.0
2020-06-17,11.486,1,0,0.21009689958935435,0.08968963897363706,0.7002134543250907,-1.0
2020-06-18,11.708,1,0,0.28583205762234604,0.06810633203184063,0.6460616263476285,1.0
2020-06-19,11.718,1,0,0.18183782217758043,0.159902452757316,0.6582597281251635,1.0
2020-06-22,11.7,1,0,0.19022211855785412,0.1129132162948901,0.6968646635386077,1.0
2020-06-23,11.364,1,0,0.2491577947512269,0.02883239695802331,0.7220098115503788,1.0
2020-06-24,11.288,1,0,0.09212506080374998,0.16810166830306544,0.7397732695235926,1.0
2020-06-25,11.186,-1,0,0.12028522085812357,0.1958319947330488,0.6838827994134691,-1.0
2020-06-26,11.24,-1,0,0.26519164722412825,0.05171117419376969,0.683097175322473,-1.0
2020-06-29,11.204,-1,0,0.2568962164223194,0.05230147554539144,0.6908023189753294,-1.0
2020-06-30,11.18,-1,-1,0.14732994760076204,0.027284867751101654,0.8253851532936096,-1.0
2020-07-01,11.2,-1,-1,0.03897770494222641,0.056421775370836265,0.9046004414558412,-1.0
2020-07-02,11.274,1,-1,0.18045829236507416,0.015510090626776218,0.8040316104888916,-1.0
2020-07-06,11.755999999999998,1,0,0.07159675061702728,0.15140476478263737,0.7769984751939774,-1.0
2020-07-07,11.93,1,0,0.22944297322205134,0.03407196341348546,0.7364850661584309,-1.0
2020-07-08,11.664,1,0,0.09473348669707775,0.06421478344127536,0.8410517573356628,-1.0
2020-07-09,11.58,1,0,0.13131876041491827,0.07462832145392896,0.7940529187520345,-1.0
2020-07-10,11.458,-1,1,0.18123834440484643,0.04736373294144869,0.7713979110121727,-1.0
2020-07-13,11.34,-1,1,0.07067786636097091,0.12217471336147614,0.8071474305221013,1.0
2020-07-14,11.278,-1,1,0.10516411624848843,0.1304927933961153,0.7643430928389231,1.0
2020-07-15,11.362,-1,1,0.032015048898756504,0.06535362545400858,0.9026313424110413,1.0
2020-07-16,11.19,-1,0,,,,1.0
2020-07-17,11.168,-1,0,0.22794291811684766,0.3184722190101941,0.4535848746697108,-1.0
2020-07-20,11.054,-1,0,0.11197052290663123,0.028889222536236048,0.8591402694582939,1.0
2020-07-21,11.098,-1,0,0.11967581808567047,0.04205582216382027,0.8382683396339417,1.0
2020-07-22,11.05,-1,0,0.17140166213115057,0.01855707758416732,0.8100412289301554,1.0
2020-07-23,11.0,-1,0,0.08254049771598407,0.01916558588189738,0.8982939038957868,1.0
2020-07-24,11.052,-1,0,0.09488260000944138,0.01978756720200181,0.8853298127651215,1.0
2020-07-27,11.32,1,0,0.1336267287177699,0.10638113732316665,0.7599921567099435,1.0
2020-07-28,11.212,1,-1,0.1434226632118225,0.10599384669746671,0.750583508184978,1.0
2020-07-29,11.372,1,0,0.059970032423734665,0.017648239620029926,0.9223817288875581,1.0
2020-07-30,11.274,1,0,0.07605709880590439,0.02361927554011345,0.9003236293792725,1.0
2020-07-31,11.002,-1,0,0.043748296797275536,0.039572425186634064,0.9166792631149292,1.0
2020-08-03,11.192,1,0,0.1609826110303402,0.12928091306239367,0.7097364872694015,1.0
2020-08-04,11.41,1,0,0.2506254814565182,0.17545175980776548,0.5739227488636971,1.0
2020-08-05,11.748,1,0,0.18977270213266215,0.02458244686325391,0.7856448441743851,1.0
2020-08-06,12.264,1,1,0.21309113593808576,0.170420765310672,0.6164881006321487,1.0
2020-08-07,11.826,1,1,0.14385459615060917,0.09364094141011055,0.7625044675973746,1.0
2020-08-10,11.85,1,0,0.35453805377086006,0.043245110164086026,0.6022168482343356,1.0
2020-08-11,11.69,1,0,0.390959270298481,0.04686199501156807,0.5621787438169121,1.0
2020-08-12,12.014,1,0,0.11599972950560707,0.03949215795312609,0.8445081199918475,1.0
2020-08-13,11.9904,1,0,0.12597366678528488,0.1362498588860035,0.7377764657139778,1.0
2020-08-14,11.992,1,0,0.36709812536835673,0.04556127581745386,0.5873405979573727,1.0
2020-08-17,12.184,1,0,0.48275541620595114,0.024596971659255878,0.49264763854444027,1.0
2020-08-18,12.61,1,0,0.16822859334448972,0.03826887300238013,0.7935025282204151,1.0
2020-08-19,12.64,1,0,0.229793433410426,0.021855846823503573,0.7483507121602694,1.0
2020-08-20,12.62,1,0,0.09882292182495196,0.06132484646514058,0.8398522436618805,1.0
2020-08-21,12.862,1,0,0.14876329473086766,0.02283365000039339,0.8284030556678772,1.0
2020-08-24,13.616,1,1,0.13864556289519425,0.05604434394519086,0.8053100938322367,-1.0
2020-08-25,13.28,1,1,0.1487687474116683,0.05951092845449845,0.7917203240096569,1.0
2020-08-26,13.73,1,1,0.16430077615838784,0.03517638286575675,0.8005228349222586,1.0
2020-08-27,13.508,1,1,0.17791491304524243,0.049218578438740224,0.7728665173053741,1.0
2020-08-28,13.448,1,1,0.08740373565392061,0.0395025842061097,0.8730936700647528,1.0
2020-08-31,13.474,1,1,0.09295629643435989,0.057301627804658244,0.8497420826128551,1.0
2020-09-01,14.1,1,1,0.14490159639510616,0.0668163913270009,0.7882820085204881,1.0
2020-09-02,14.017,1,1,0.18232146697118878,0.022603383578825742,0.7950751474127173,1.0
2020-09-03,14.02,1,1,0.15070735717959263,0.03505038330331445,0.8142422473825076,1.0
2020-09-04,14.136,1,0,0.07443146333098412,0.07600757839779058,0.8495609521865845,1.0
2020-09-08,13.352,-1,0,0.10040020312675658,0.04713978284202954,0.8524600074571722,1.0
2020-09-09,13.925999999999998,1,0,0.15740722772334853,0.05395915010763753,0.7886336174222731,1.0
2020-09-10,13.778,1,0,0.11808135580610145,0.023596287027678707,0.8583223548802462,-1.0
2020-09-11,13.998,1,0,0.20763893872499467,0.026410521939396858,0.7659505560994149,-1.0
2020-09-14,14.07,1,0,0.10335604302012004,0.041060832424614675,0.8555831213792165,1.0
2020-09-15,14.276,1,0,0.11432551592588425,0.11790945037053181,0.7677650222411523,1.0
2020-09-16,14.288,1,0,0.1208245974293975,0.04559507669317861,0.8335803249894187,1.0
2020-09-17,14.104,1,1,0.07983989720898015,0.023869598550455912,0.8962905151503426,1.0
2020-09-18,14.412,1,1,0.12904475679000219,0.06389054010311762,0.8070646951595942,-1.0
2020-09-21,14.27,1,0,0.1288723990114199,0.06081513250764045,0.8103124657645822,-1.0
2020-09-22,14.3,1,0,0.206631681881845,0.04678463990179201,0.7465836852788925,-1.0
2020-09-23,14.196,1,0,0.059058686452252526,0.0245354204837765,0.9164058991840908,-1.0
2020-09-24,14.04,-1,0,0.1440118799606959,0.07034868909977376,0.7856394406408072,-1.0
2020-09-25,14.068,-1,0,0.11314728260040283,0.05403173333033919,0.832820987701416,-1.0
2020-09-28,14.12,1,0,0.07900313061795064,0.057632245389478545,0.8633646070957184,1.0
2020-09-29,14.328,1,0,0.21723347902297974,0.040458010695874694,0.7423084944486618,1.0
2020-09-30,14.18,1,0,0.10291435259083907,0.031007283832877874,0.8660783569018046,1.0
2020-10-01,14.26,1,0,0.06635149270296097,0.19219798631966115,0.7414505511522294,-1.0
2020-10-02,13.892,-1,0,0.07813579110162598,0.09373968580205526,0.8281245401927403,-1.0
2020-10-05,13.56,-1,0,0.08607201190898195,0.022847821936011314,0.8910801541060209,-1.0
2020-10-06,13.536,-1,0,0.2069923718356424,0.06517120217904449,0.7278364223117629,-1.0
2020-10-07,13.712,-1,0,0.1284548845142126,0.035009428734580676,0.8365356852610906,-1.0
2020-10-08,13.77,-1,0,0.1617562332087093,0.05382516007456514,0.7844186259640588,-1.0
2020-10-09,13.755999999999998,-1,0,0.27424027274052304,0.04442475022127231,0.6813349748651186,-1.0
2020-10-12,14.05,1,0,0.17188708033216626,0.050951248966157436,0.7771616742799157,-1.0
2020-10-13,14.084,1,0,0.10821826057508588,0.02876115753315389,0.8630205765366554,1.0
2020-10-14,14.054,1,0,0.14767584494418567,0.02294862435923682,0.8293755153814951,1.0
2020-10-15,13.832,-1,0,0.12899531703442335,0.03819099231623113,0.8328136801719666,1.0
2020-10-16,13.77,-1,0,0.21965682017616928,0.07873747090343386,0.7016057102009654,-1.0
2020-10-19,13.742,-1,0,0.18435382878496534,0.07119107423793702,0.7444550870429902,1.0
2020-10-20,13.588,-1,0,0.1548854476875729,0.021184526590837374,0.8239300234450234,1.0
2020-10-21,13.42,-1,0,0.17636963379170215,0.05098944716155529,0.772640908403056,1.0
2020-10-22,13.398,-1,0,0.09554232247173786,0.03408889044076204,0.8703687787055969,1.0
2020-10-23,13.12,-1,0,0.1805511782453819,0.061746306209401663,0.757702499628067,1.0
2020-10-26,13.092,-1,0,0.125225018709898,0.06740815866300288,0.8073668146834654,-1.0
2020-10-27,13.67,1,0,0.11481578123163093,0.07003990941765634,0.8151443085887216,-1.0
2020-10-28,13.61,1,-1,0.10427885502576828,0.030042648315429688,0.8656785011291503,-1.0
2020-10-29,13.908,1,0,0.061667551286518574,0.03345300257205963,0.9048794656991959,-1.0
2020-10-30,13.546,-1,-1,0.06721382960677147,0.09891136837276546,0.8338747999884866,-1.0
2020-11-02,13.746,1,0,0.11575320810079574,0.12912992897133033,0.7551168660322826,-1.0
2020-11-03,14.008,1,0,0.10565632581710815,0.04024502541869879,0.8540986478328705,-1.0
2020-11-04,13.696,1,0,0.0849528859059016,0.02126828534528613,0.8937788108984629,-1.0
2020-11-05,14.54,1,0,0.22345779907818025,0.05612208219961478,0.7204201192809985,1.0
2020-11-06,14.132,1,0,0.20647794117822366,0.06583007359329392,0.7276919782161713,1.0
2020-11-09,13.26,-1,0,0.08685452293823748,0.030274542185532695,0.8828709283295799,1.0
2020-11-10,12.882,-1,0,0.11923666635439509,0.10863344149575346,0.772129878579151,-1.0
2020-11-11,12.658,-1,0,0.1068362679798156,0.13239952770527452,0.7607642035000026,1.0
2020-11-12,12.868,-1,0,0.11752949417992072,0.054497133305465635,0.8279733630743894,1.0
2020-11-13,13.106,-1,0,0.15226458656516942,0.02395572883048744,0.8237796868338729,1.0
2020-11-16,12.788,-1,0,0.16465628037557883,0.05092558360603802,0.7844181297456517,1.0
2020-11-17,12.83,-1,0,0.15999932011420076,0.04716456952420148,0.7928361154415391,1.0
2020-11-18,12.89,-1,0,0.13744376599788666,0.10601261155679823,0.7565436258912086,-1.0
2020-11-19,13.364,1,0,0.19233818618314608,0.0350180510875015,0.7726437637493724,1.0
2020-11-20,13.264,1,0,0.1298967772365912,0.058011453072338,0.8120917687597482,1.0
2020-11-23,13.268,1,0,0.11097929204503695,0.04285163168484966,0.8461690825720628,1.0
2020-11-24,13.164,-1,0,0.08774215990194568,0.030235583859461325,0.8820222616195679,1.0
2020-11-25,13.32,1,0,0.11946178208056249,0.028204174222130524,0.8523340476186652,1.0
2020-11-27,14.0,1,0,0.19772708107932255,0.05704632834889568,0.7452265815092967,1.0
2020-11-30,14.19,1,0,0.10274775845643419,0.0627745115198195,0.8344777348236396,1.0
2020-12-01,13.768,1,0,0.1474096527589219,0.019875976789210523,0.8327143660613469,1.0
2020-12-02,13.675999999999998,1,0,0.15697573088109493,0.1130235280841589,0.730000750720501,1.0
2020-12-03,13.566,-1,0,0.13237545639276505,0.023832194041460752,0.8437923565506935,1.0
2020-12-04,13.68,1,0,0.16885284086068472,0.024930443925162155,0.8062167113025983,1.0
2020-12-07,13.842,1,0,0.12469767639413476,0.062229875882621855,0.8130724392831326,1.0
2020-12-08,14.134,1,0,0.09864059205238636,0.03659917872685652,0.8647602200508118,1.0
2020-12-09,14.021,1,0,0.15121681662276387,0.02343583561014384,0.8253473304212093,1.0
2020-12-10,14.23,1,0,0.15125214361718722,0.024263198088322366,0.8244846505778176,1.0
2020-12-11,14.558,1,0,0.15935618388983938,0.04250080521321959,0.7981430205206076,1.0
2020-12-14,15.05,1,0,0.17730204813564435,0.03279864076429453,0.7898993213207294,1.0
2020-12-15,14.842,1,0,0.17239937372505665,0.024960367183666676,0.8026402713730931,1.0
2020-12-16,15.334,1,0,0.09016399626575765,0.054632753178122495,0.8552032567205883,1.0
2020-12-17,16.43,1,0,0.1742927421900359,0.0346913235092705,0.7910159387371757,-1.0
2020-12-18,16.168,1,0,0.13469592252602944,0.0342860514871203,0.8310180352284358,1.0
2020-12-21,15.786,1,0,0.12921687607702456,0.03821413836588985,0.8325689785966748,-1.0
2020-12-22,15.53,1,0,0.1990322923908631,0.023607428806523483,0.777360294945538,-1.0
2020-12-23,15.628,1,0,0.1182948136258693,0.034259505436888764,0.8474456788528533,1.0
2020-12-24,15.716,1,0,0.19079945895534295,0.01988573444004242,0.7893148018763616,1.0
2020-12-28,16.05,1,0,0.11324207638116444,0.0318925332497148,0.8548653783167109,1.0
2020-12-29,15.932,1,0,0.11480186741961085,0.01868892955067365,0.8665092108042344,-1.0
2020-12-30,16.144000000000002,1,0,0.0987879132682627,0.020922660023312677,0.8802894340320067,-1.0
2020-12-31,16.104,1,0,0.07300711274147034,0.02852984480559826,0.8984630465507507,-1.0
2021-01-04,15.74,-1,0,0.14277733503175633,0.031797811488753984,0.8254248507853065,1.0
2021-01-05,16.176,1,0,0.1051981653208318,0.03873633107413416,0.8560655026332192,-1.0
2021-01-06,15.738,-1,0,0.20615078408557636,0.09231214562001136,0.7015370709391741,-1.0
2021-01-07,15.802,-1,0,0.0738412154217561,0.04010268264553613,0.8860561152299246,-1.0
2021-01-08,16.01,1,0,0.11722962446510792,0.036264786620934804,0.8465056031942367,-1.0
2021-01-11,15.858,1,0,0.1365220247079497,0.029676583150158756,0.8338013842054035,-1.0
2021-01-12,16.062,1,0,0.08575101693471272,0.027333272621035576,0.8869156837463379,-1.0
2021-01-13,15.834,-1,0,0.09314203754599605,0.10101922867553574,0.8058387168816158,-1.0
2021-01-14,15.842,-1,0,0.10639329941477627,0.03191101492848247,0.8616956733167171,-1.0
2021-01-15,15.75,-1,0,0.24899679710241882,0.026097151027484375,0.7249060483141379,1.0
2021-01-19,15.89,1,0,0.1472355445580823,0.03551851747823613,0.817245929901089,-1.0
2021-01-20,15.78,-1,0,0.14620062283107213,0.023473216220736504,0.8303261825016567,-1.0
2021-01-21,15.238,-1,-1,0.12994027347303927,0.05019536742474884,0.8198643588926643,-1.0
2021-01-22,15.498,-1,0,0.12791273476822035,0.03534873129267778,0.8367385395935604,1.0
2021-01-25,15.2,-1,0,0.12801133172244442,0.05825304190571211,0.8137356292228309,1.0
2021-01-26,15.06,-1,-1,0.07385401037191192,0.02187904958883601,0.9042669303955571,-1.0
2021-01-27,14.856,-1,0,0.2077603251983722,0.0358578127498428,0.7563818578918775,1.0
2021-01-28,14.976,-1,0,0.14208556469529868,0.03168927393853664,0.8262251615524292,1.0
2021-01-29,14.454,-1,0,0.18287143474888234,0.04454775252157733,0.7725808136165142,1.0
2021-02-01,15.48,1,0,0.18922562111134922,0.057840571200492186,0.7529338015021261,1.0
2021-02-02,15.092,-1,0,0.16992345559238284,0.03473948249248443,0.7953370552234076,1.0
2021-02-03,14.8,-1,0,0.1346933505497873,0.02630388275720179,0.8390027679502964,1.0
2021-02-04,14.626,-1,0,0.1848762088308209,0.10781675493834834,0.7073070187317697,1.0
2021-02-05,15.042,1,0,0.1408859378493884,0.03916743841460522,0.8199466304743991,1.0
2021-02-08,15.1,1,0,0.1562858963958346,0.045096703661749,0.7986173999424164,1.0
2021-02-09,14.832,-1,0,0.17983955033123494,0.06724166460335254,0.7529187962412834,-1.0
2021-02-10,15.38,1,0,0.13875434012152255,0.08437500317813829,0.7768706660717726,-1.0
2021-02-11,15.462,1,0,0.0790238119661808,0.03236627206206322,0.8886099113867834,-1.0
2021-02-12,15.922,1,0,0.16380067256146244,0.05295510673230248,0.7832442024456603,-1.0
2021-02-16,16.32,1,0,0.18963947583382068,0.027949888430731862,0.7824106337992769,-1.0
2021-02-17,16.25,1,0,0.07408122916746399,0.030565791216719408,0.895352972590405,-1.0
2021-02-18,16.19,1,0,0.13649758086963135,0.0263070117287112,0.8371954185493065,-1.0
2021-02-19,16.274,1,0,0.12633240667100137,0.028504934555922564,0.8451626521463578,-1.0
2021-02-22,15.9,1,0,0.1690969838657313,0.05103877314400894,0.7798642585123027,-1.0
2021-02-23,15.884,1,0,0.0967850240950401,0.026762520894408226,0.8764524459838867,-1.0
2021-02-24,15.79,-1,0,0.10001663751900196,0.049424635339528324,0.850558739900589,-1.0
2021-02-25,15.762,-1,0,0.13657822211583456,0.0270341361562411,0.8363876541455587,-1.0
2021-02-26,15.424,-1,0,0.11744578306873639,0.06075515722235044,0.8217990668490529,-1.0
2021-03-01,15.478,-1,0,0.11511228253532733,0.03785925175595496,0.8470284465168204,-1.0
2021-03-02,15.08,-1,0,0.10199919287115336,0.03550961865112186,0.8624911695718765,1.0
2021-03-03,14.577,-1,0,0.12336370814591646,0.03401150181889534,0.8426247934500376,1.0
2021-03-04,14.024,-1,0,0.10563859852905176,0.05661731753118184,0.8377440766412385,-1.0
2021-03-05,14.365,-1,0,0.1762900754720682,0.042961739447145236,0.780748185746017,1.0
2021-03-08,13.718,-1,0,0.12117681975819562,0.059087050465964956,0.8197361289670593,1.0
2021-03-09,13.82,-1,0,0.10022980347275734,0.03434800153926892,0.8654222102726207,1.0
2021-03-10,13.698,-1,0,0.11673150095157325,0.04113124590367079,0.8421372616042694,-1.0
2021-03-11,13.878,-1,0,0.159558128979471,0.05541994270903093,0.7850219347962627,-1.0
2021-03-12,13.84,-1,0,0.162014318052037,0.021260976470236122,0.8167247004036245,1.0
2021-03-15,14.236,-1,-1,0.12197716945204241,0.04196747563426094,0.8360553525131325,1.0
2021-03-16,14.652,1,0,0.10403928600929001,0.03878056495027109,0.8571801470084623,1.0
2021-03-17,14.624,1,0,0.11613975051376554,0.10760948869089286,0.7762507630719079,-1.0
2021-03-18,14.302,-1,0,0.07861346405531679,0.03481544627408896,0.8865710837500436,-1.0
2021-03-19,14.416,1,0,0.18032211847603322,0.06250637453049421,0.7571714907884598,1.0
2021-03-22,14.612,1,0,0.19902446493506432,0.04520950714747111,0.7557660433508101,1.0
2021-03-23,14.74,1,0,0.12284940436030879,0.03188850945143989,0.8452620813340852,1.0
2021-03-24,14.402,-1,0,0.10507671618834138,0.03296208963729441,0.8619612008333206,1.0
2021-03-25,14.228,-1,0,0.14370925351977348,0.02496345490217209,0.8313272833824158,1.0
2021-03-26,14.624,1,0,0.06941611506044865,0.02299235388636589,0.9075915217399597,1.0
2021-03-29,14.56,1,-1,0.08285631611943245,0.026023009703272863,0.891120677902585,1.0
2021-03-30,14.48,1,-1,0.11098564664522807,0.05038396807180511,0.838630371623569,1.0
2021-03-31,14.16,-1,-1,0.13409287279302423,0.021909632296724754,0.8439974730665033,1.0
2021-04-01,14.364,-1,0,0.07141301843027274,0.032864278104777135,0.8957226773103079,1.0
2021-04-05,14.436,1,0,0.1530619716271758,0.06486529434720675,0.782072745077312,-1.0
2021-04-06,14.572,1,0,0.4647274315357208,0.05436163628473878,0.4809109354391694,-1.0
2021-04-07,14.54,1,0,0.16379255258167782,0.08016484533436596,0.7560426152000824,-1.0
2021-04-08,14.852,1,0,0.16854935628362,0.04222994047449902,0.7892207074910402,-1.0
2021-04-09,14.8,1,0,0.0956207246830066,0.020311227689186733,0.8840680619080862,-1.0
2021-04-12,14.828,1,0,0.15386011830020335,0.03344974282287782,0.812690133769666,-1.0
2021-04-13,15.18,1,1,0.20546229685155246,0.052993559350187965,0.7415441320492671,-1.0
2021-04-14,15.015999999999998,1,1,0.08488762080669403,0.019943452253937722,0.8951689243316651,-1.0
2021-04-15,14.988,1,0,0.07011320867708751,0.037369293959013054,0.8925174985613141,-1.0
2021-04-16,14.97,1,0,0.13996410907970536,0.04625308016935984,0.8137828210989634,-1.0
2021-04-19,14.604,-1,1,0.0799747666137086,0.05775508631227745,0.8622701366742452,1.0
2021-04-20,14.476,-1,0,0.11462389025837183,0.0314744533970952,0.8539016395807266,-1.0
2021-04-21,14.612,-1,0,0.13036783412098885,0.020543236152401993,0.8490889072418213,1.0
2021-04-22,14.438,-1,0,0.1877117765446504,0.14109733995671073,0.6711908578872681,-1.0
2021-04-23,14.49,-1,0,0.12221553665585816,0.021775522094685584,0.8560089534148574,-1.0
2021-04-26,14.222,-1,0,0.13397886101156473,0.04332935512065887,0.8226917833089828,-1.0
2021-04-27,14.028,-1,0,0.08151463282605012,0.03252156587938468,0.8859637935956319,1.0
2021-04-28,14.278,-1,0,0.08783240541815758,0.07640013471245766,0.8357674598693847,-1.0
2021-04-29,14.222,-1,0,0.08831215128302575,0.020042374171316622,0.8916454672813415,-1.0
2021-04-30,14.378,-1,0,0.10353422266515819,0.053576915355568584,0.8428888700225137,1.0
2021-05-03,14.496,1,0,0.1345656568882987,0.07630099408561364,0.7891333404695615,1.0
2021-05-04,14.21,-1,0,0.09172422559384037,0.037478811052792216,0.8707969609428855,-1.0
2021-05-05,14.46,1,0,0.1711196184158325,0.10550777493044734,0.7233725875616074,1.0
2021-05-06,14.002,-1,0,0.1592424147327741,0.08952269610017538,0.7512348957359791,1.0
2021-05-07,13.798,-1,0,0.17405817481248,0.047279627013363336,0.7786621983702245,1.0
2021-05-10,14.13,-1,0,0.10949293370358645,0.03373009252827615,0.8567769721150398,1.0
2021-05-11,14.31,1,0,0.10577249747108329,0.024258100512352856,0.8699693950739774,1.0
2021-05-12,13.904000000000002,-1,0,0.20022119568394764,0.027689964177885225,0.7720888363463538,1.0
2021-05-13,13.72,-1,0,0.13462302225331466,0.08605041056871414,0.7793265630801519,1.0
2021-05-14,14.106,1,0,0.09775334969162938,0.02243189769797027,0.8798147290945053,1.0
2021-05-17,14.264,1,0,0.07867917299947956,0.0312590793367814,0.8900617415254767,1.0
2021-05-18,14.08,-1,0,0.10720362793654203,0.07175024319440124,0.8210461437702179,1.0
2021-05-19,14.36,1,0,0.09792984782585076,0.04469758744484612,0.8573725691863469,1.0
2021-05-20,14.386,1,0,0.11450588729764734,0.026364554651081562,0.8591295651027134,1.0
2021-05-21,14.674,1,0,0.13350127922261462,0.024453434326192913,0.8420452869990293,1.0
2021-05-24,15.02,1,0,0.10299380329486571,0.026814171946362444,0.8701920132887991,1.0
2021-05-25,15.29,1,0,0.09369649179279804,0.02144532622769475,0.8848581910133362,1.0
2021-05-26,15.474,1,0,0.1065089435627063,0.049812284608682,0.8436787525812784,1.0
2021-05-27,15.326,1,0,0.14031261433329847,0.08802627030484102,0.771661108566655,1.0
2021-05-28,15.464,1,0,0.18045440103326524,0.06323172298393079,0.7563138902187347,-1.0
2021-06-01,15.202,1,0,0.14160813996568322,0.02736339089460671,0.8310284689068794,-1.0
2021-06-02,15.25,1,0,0.0704812982252666,0.024916492801691805,0.9046021955353873,-1.0
2021-06-03,15.26,1,0,0.10729090337242399,0.10289848622466836,0.7898106021540505,-1.0
2021-06-04,15.558,1,0,0.19540695358927435,0.07600925569064342,0.7285838012511914,-1.0
2021-06-07,15.726,1,0,0.11372609704267234,0.04548868216807023,0.8407852090895176,-1.0
2021-06-08,15.6,1,0,0.08791719692257735,0.09253981465903613,0.8195429765261136,-1.0
2021-06-09,15.34,1,0,0.18446243022169387,0.021347990791712488,0.7941895808492389,-1.0
2021-06-10,15.408,1,1,0.048116885125637054,0.023457629606127742,0.9284254908561707,-1.0
2021-06-11,15.41,1,0,0.2483912155032158,0.020432151202112437,0.7311766274273396,-1.0
2021-06-14,14.856,-1,0,0.11343459098746903,0.0373631895666844,0.8492022219457125,1.0
2021-06-15,14.646,-1,0,0.07539664368544306,0.03645976612876568,0.8881435926471438,-1.0
2021-06-16,14.282,-1,0,0.19939712856553102,0.05538800701891121,0.7452148567689093,-1.0
2021-06-17,14.71,-1,0,0.1625973316175597,0.036484662376876385,0.8009179984884602,-1.0
2021-06-18,14.718,-1,0,0.12454445742898518,0.02095763830261098,0.8544979095458984,1.0
2021-06-21,14.85,-1,0,0.17557567316624853,0.046862343326210976,0.7775619924068451,1.0
2021-06-22,14.74,-1,0,0.1577035797139009,0.026239608000550006,0.8160568111472659,1.0
2021-06-23,14.402,-1,0,0.0674169510602951,0.05800109030678868,0.8745819330215454,-1.0
2021-06-24,14.56,-1,0,0.07115367241203785,0.04374265542719513,0.8851036801934242,-1.0
2021-06-25,14.476,-1,0,0.22338537275791168,0.0566159188747406,0.7199986949563026,-1.0
2021-06-28,14.716,1,0,0.1606836012349679,0.04225572084005062,0.7970606913933387,-1.0
2021-06-29,14.62,-1,1,0.08427806136508782,0.021746011761327583,0.8939759135246277,-1.0
2021-06-30,14.505999999999998,-1,0,0.11683327042394215,0.022100203153159883,0.8610665301481882,-1.0
2021-07-01,14.482,-1,0,0.11855627596378326,0.0204304348338734,0.8610132824290883,-1.0
2021-07-02,14.692,1,0,0.15510682528838515,0.025089843547903,0.819803312420845,-1.0
2021-07-06,15.058,1,1,0.11757766116471564,0.05579000854956322,0.8266323255222352,-1.0
2021-07-07,14.962,1,1,0.18008786346763372,0.07158702579326928,0.7483251169323921,-1.0
2021-07-08,14.25,-1,0,0.13885531864232487,0.033129636405242816,0.828015062544081,-1.0
2021-07-09,14.538,-1,0,0.1592136062681675,0.06854275831331809,0.7722436368465424,-1.0
2021-07-12,14.42,-1,0,0.1012892308442489,0.045684950871636036,0.8530258251273114,-1.0
2021-07-13,14.282,-1,0,0.10230182991786435,0.022112893787297336,0.8755852742628618,-1.0
2021-07-14,14.424,-1,0,0.0999271972104907,0.20291209934900203,0.6971607096493244,-1.0
2021-07-15,14.23,-1,0,0.06668868800625205,0.021052811876870692,0.9122584834694862,-1.0
2021-07-16,14.11,-1,0,0.08671333336908567,0.12007598015234659,0.7932106727047971,-1.0
2021-07-19,13.8,-1,0,0.17413646908056352,0.08490861811104321,0.7409549028642716,-1.0
2021-07-20,13.71,-1,0,0.10325988173484803,0.021379746831953525,0.875360369682312,-1.0
2021-07-21,13.74,-1,0,0.12324815354524897,0.08963402045460847,0.7871178365670718,-1.0
2021-07-22,13.678,-1,0,0.1257455253507942,0.04753181972773746,0.8267226535826921,-1.0
2021-07-23,13.726,-1,0,0.06410140011991773,0.025307121154453074,0.9105914831161499,-1.0
2021-07-26,13.598,-1,0,0.1301396382558677,0.03248972148220572,0.83737063428594,-1.0
2021-07-27,13.578,-1,0,0.1494191063469962,0.04350694381680928,0.807073955473147,-1.0
2021-07-28,13.57,-1,0,0.07957589120737144,0.055924776675445695,0.8644993390355792,-1.0
2021-07-29,13.312,-1,0,0.08604353464518984,0.051724380891149245,0.8622320940097173,-1.0
2021-07-30,12.85,-1,0,0.13617220982199624,0.09594948407972143,0.7678782971841949,-1.0
2021-08-02,13.018,-1,0,0.1993521259725094,0.10199128553271293,0.6986565917730332,-1.0
2021-08-03,12.968,-1,0,0.1252300822559525,0.0395659922676928,0.8352039298590492,-1.0
2021-08-04,12.762,-1,0,0.08301206026226282,0.05535954679362476,0.8616284057497978,-1.0
2021-08-05,12.534,-1,0,0.15487063252206507,0.07768012994322283,0.7674492425445852,-1.0
2021-08-06,11.824000000000002,-1,-1,0.13986480620599562,0.09311751240203457,0.7670176830142736,1.0
2021-08-09,11.826,-1,-1,0.1607724765096517,0.05930782136890818,0.7799197062849998,1.0
2021-08-10,11.36992,-1,-1,0.09615184643277616,0.04134056333339575,0.8625075817108154,1.0
2021-08-11,11.838,-1,-1,0.0998569860616151,0.0914995139464736,0.8086435023476096,1.0
2021-08-12,11.8,-1,-1,0.131989552711065,0.06841033446387602,0.7996000968492948,-1.0
2021-08-13,11.886,-1,0,0.09043248165398836,0.10604463750496507,0.7600607110187412,-1.0
2021-08-16,11.87,-1,0,0.10217398362090954,0.08298166615601915,0.8148443589989955,-1.0
2021-08-17,11.834,-1,0,0.14918636424200876,0.02248124625267727,0.8283323869109154,1.0
2021-08-18,11.80624,-1,0,0.12238426242644589,0.059934636655574046,0.8176810915271441,1.0
2021-08-19,11.81,-1,0,0.07213133294135332,0.023206869373098016,0.9046618044376373,1.0
2021-08-20,12.076,1,0,0.09342000214383006,0.06670508219394833,0.8398749008774757,1.0
2021-08-23,12.07,1,0,0.09189478319251176,0.08593053065917709,0.8221746843421098,1.0
2021-08-24,12.104,1,1,0.0616124733351171,0.030024588340893388,0.9083629474043846,1.0
2021-08-25,12.044,1,0,0.1130059441043572,0.06493858231062238,0.8220554644411261,1.0
2021-08-26,11.856,-1,0,0.22337061246590956,0.13393098561625397,0.6426984005208526,1.0
2021-08-27,11.79,-1,0,0.13248292428695344,0.11078054635700854,0.75673653727228,1.0
2021-08-30,11.91,-1,0,0.1446283342582839,0.053662566135504415,0.8017090750592095,-1.0
2021-08-31,12.015999999999998,1,0,0.10039197048172355,0.12183994776569307,0.7777680791914463,-1.0
2021-09-01,12.222,1,0,0.1294647354632616,0.046828127838671206,0.8237071394920349,-1.0
2021-09-02,12.388,1,0,0.12570357965305448,0.07787336334586144,0.7964230712503195,-1.0
2021-09-03,12.38,1,0,0.1317806902807206,0.023852781334426254,0.8443665402010083,-1.0
2021-09-07,12.6,1,0,0.10833459114655852,0.028676121815806255,0.8629892813041806,-1.0
2021-09-08,12.31,1,0,0.07697187405493525,0.02084022553430663,0.9021879103448656,-1.0
2021-09-09,12.31,1,0,0.177418596111238,0.026952179381623864,0.7956292256712914,1.0
2021-09-10,12.434,1,0,0.13517470061779022,0.023399617150425912,0.8414256811141968,-1.0
2021-09-13,12.53,1,0,0.08445877104531974,0.08179208089131862,0.8337491541169584,-1.0
2021-09-14,12.252,-1,0,0.08025843793383011,0.024970970546396878,0.8947705901586093,-1.0
2021-09-15,12.238,-1,0,0.11115483194589615,0.024395005511386052,0.8644501630749021,-1.0
2021-09-16,12.004,-1,-1,0.17649464134592563,0.05921286070952192,0.7642924906685948,-1.0
2021-09-17,12.14,-1,-1,0.07929240415493648,0.030472316313534975,0.8902352948983511,-1.0
2021-09-20,11.99,-1,-1,0.0943363523600917,0.051437251171783396,0.8542264009776869,-1.0
2021-09-21,12.05,-1,-1,0.2236150543515881,0.018288367815936606,0.758096574495236,-1.0
2021-09-22,12.124,-1,-1,0.10295041135567076,0.02101047567146666,0.8760391228339252,-1.0
2021-09-23,12.28,1,-1,0.12006518971174955,0.06443457029139002,0.8155002400279046,-1.0
2021-09-24,12.152,-1,-1,0.10545660099335785,0.03439708934004965,0.8601463118503834,-1.0
2021-09-27,12.148,-1,-1,0.07770346221514046,0.06305302830878645,0.8592435028403997,-1.0
2021-09-28,11.634,-1,-1,0.1377461887896061,0.07380270939320326,0.7884511041641236,-1.0
2021-09-29,11.802,-1,-1,0.07849363908171654,0.023335828445851803,0.898170546690623,-1.0
2021-09-30,11.85,-1,-1,0.09559648503598414,0.06636575359458986,0.8380377661240729,1.0
2021-10-01,11.26,-1,-1,0.11800632044180946,0.10617592737500398,0.7758177518844604,-1.0
2021-10-04,10.94,-1,-1,0.12441514118108898,0.03620481101097539,0.8393800484482199,-1.0
2021-10-05,10.92,-1,-1,0.07376920736648819,0.15341140524568883,0.7728193781592629,-1.0
2021-10-06,11.156,-1,-1,0.09882187191396952,0.042277299566194415,0.8589008216347013,-1.0
2021-10-07,11.33,-1,-1,0.07630310207605362,0.029204797372221945,0.8944920976956685,-1.0
2021-10-08,11.272,-1,0,0.1222561990412382,0.05265866707150753,0.8250851195592147,-1.0
2021-10-11,11.283,-1,0,0.1121993534590887,0.024925200430595356,0.8628754486208376,-1.0
2021-10-12,11.31,-1,0,0.1547686734961139,0.09809373836550447,0.7471375713745753,-1.0
2021-10-13,11.29,-1,0,0.09737487243754524,0.06875797374440092,0.8338671496936253,-1.0
2021-10-14,11.394,1,0,0.12039830482431822,0.02152731509080955,0.8580744011061532,-1.0
2021-10-15,11.258,-1,0,0.20490151066333057,0.03237743196077645,0.7627210598438978,1.0
2021-10-18,11.24,-1,0,0.15885860563227625,0.06660665334625678,0.7745347343610994,1.0
2021-10-19,11.21,-1,0,0.21605507408579191,0.025373646368583042,0.7585712783038616,-1.0
2021-10-20,10.946,-1,-1,0.09386435044663295,0.020665166899561882,0.8854704584394183,-1.0
2021-10-21,10.938,-1,-1,0.06487515345215797,0.16662835720926522,0.7684964865446091,-1.0
2021-10-22,10.972,-1,-1,0.07983516454696656,0.12811769116669894,0.7920471340417862,1.0
2021-10-25,10.83,-1,-1,0.17081468078223142,0.17589090332727542,0.6532944318923083,1.0
2021-10-26,10.73,-1,0,0.10370712320912968,0.07971648558635604,0.8165764104236256,1.0
2021-10-27,10.678,-1,0,0.16397520167132218,0.20855136439204217,0.6274734154343605,-1.0
2021-10-28,10.934,-1,0,0.21352438690761724,0.04286102500433723,0.7436146003504595,1.0
2021-10-29,11.05,1,0,0.09327791817486286,0.13643487507943064,0.7702871942892671,1.0
2021-11-01,11.108,1,0,0.12158828918580655,0.046573998527256424,0.8318377048880966,1.0
2021-11-02,10.714,-1,0,0.12428076245955058,0.16749458476191476,0.7082246424009403,1.0
2021-11-03,10.719,-1,0,0.14755445276387036,0.14354920794721693,0.7088963272981346,1.0
2021-11-04,10.72,-1,0,0.2219168682612719,0.12539161372208787,0.6526915369134757,1.0
2021-11-05,11.07,1,0,0.19140799314929888,0.10706250373130807,0.7015295045880171,1.0
2021-11-08,10.94,1,0,0.15658419911523122,0.08895956505895466,0.7544562295079231,-1.0
2021-11-09,10.92,1,0,0.13790773686308128,0.17214315771483457,0.6899491049922429,-1.0
2021-11-10,10.862,-1,0,0.12461159088545376,0.01862645594196187,0.8567619654867384,-1.0
2021-11-11,11.0,1,0,0.22924599037147486,0.09626075639747657,0.674493252657927,-1.0
2021-11-12,11.072,1,0,0.16048980504274368,0.06253533915927013,0.7769748707612355,1.0
2021-11-15,10.99,1,0,0.10052484413608909,0.03160838899202645,0.8678667694330215,-1.0
2021-11-16,11.19,1,0,0.1322149360044436,0.03824093175882643,0.8295441290194338,-1.0
2021-11-17,11.062,1,0,0.07701938164730866,0.11305465782061219,0.8099259783824285,1.0
2021-11-18,11.304,1,0,0.15976956486701965,0.021947782148014416,0.8182826638221741,1.0
2021-11-19,11.366,1,0,0.08125065805183516,0.027480017807748582,0.8912693460782369,1.0
2021-11-22,11.11,-1,0,0.08804881514515728,0.024739230633713305,0.8872119560837746,1.0
2021-11-23,11.018,-1,0,0.08116514134136113,0.04309713992882859,0.8757377050139687,1.0
2021-11-24,10.96,-1,0,0.14143079239875078,0.06206628540530801,0.7965029150247573,1.0
2021-11-26,10.854,-1,0,0.1556038461625576,0.08064782557388146,0.7637483358383179,1.0
2021-11-29,11.342,1,0,0.10272273520628611,0.07463121842592954,0.8226460456848145,1.0
2021-11-30,11.015999999999998,-1,0,0.06172761755685011,0.043352352248297796,0.8949200378523933,1.0
2021-12-01,11.066,-1,0,0.17521538361907005,0.11886104037985205,0.7059235844761134,1.0
2021-12-02,11.4,1,0,0.09712450738464083,0.14268078176038607,0.7601947167090007,1.0
2021-12-03,11.16,1,-1,0.08132321573793888,0.016950614750385284,0.9017261564731598,1.0
2021-12-06,11.193,1,0,0.14653404495295355,0.03426306026385111,0.8192029086982503,1.0
2021-12-07,11.55,1,0,0.08103957275549571,0.048965012344221286,0.8699954251448313,1.0
2021-12-08,11.72,1,0,0.1880422835238278,0.09282410971354693,0.7191336075775325,1.0
2021-12-09,11.73,1,0,0.09263161876622368,0.03966658146065824,0.867701810948989,1.0
2021-12-10,11.88,1,0,0.1450147544965148,0.03747064359486103,0.8175145953893661,1.0
2021-12-13,11.7,1,0,0.165268246922642,0.09070496186614037,0.7440267853438854,1.0
2021-12-14,11.635,1,0,0.0753970689450701,0.0299540933014618,0.8946488433414035,-1.0
2021-12-15,11.784,1,0,0.059221917763352394,0.03859154616172115,0.9021865129470825,-1.0
2021-12-16,11.804,1,0,0.18629430101386138,0.03199758220996175,0.7817081127847944,-1.0
2021-12-17,11.642,1,0,0.19765616860240698,0.08632854931056501,0.7160152569413185,-1.0
2021-12-20,11.847,1,0,0.10542458997896084,0.061001557856798165,0.8335738503015958,-1.0
2021-12-21,12.19,1,0,0.13962400663230154,0.06285845985015233,0.7975175281365713,-1.0
2021-12-22,12.022,1,0,0.06572625692933798,0.030854006530717015,0.9034197181463242,-1.0
2021-12-23,12.182,1,0,0.2930037219077349,0.017406804487109184,0.689589461684227,-1.0
2021-12-27,12.26,1,0,0.20101311693296714,0.04039673792088733,0.7585901372572955,1.0
2021-12-28,11.954,1,0,0.1258935311343521,0.021374298026785254,0.8527321666479111,1.0
2021-12-29,11.898,-1,1,0.08835752680897713,0.024847231339663267,0.886795237660408,1.0
2021-12-30,11.718,-1,0,0.12314760259219579,0.031618310670767515,0.8452340705054147,-1.0
2021-12-31,11.674,-1,1,0.2931127939373255,0.031156621407717466,0.6757305860519409,-1.0
2022-01-03,11.694,-1,0,0.22523583046027593,0.041261592347707064,0.7335026003420353,1.0
2022-01-04,11.66,-1,0,0.08800524696707726,0.01994683165103197,0.892047929763794,1.0
2022-01-05,11.388,-1,0,0.2071353830397129,0.2121509762480855,0.5807136565446853,1.0
2022-01-06,11.49,-1,0,0.06468245498836041,0.022558477148413657,0.9127590656280518,1.0
2022-01-07,11.62,-1,0,0.09396349141995113,0.02840721141546965,0.877629280090332,1.0
2022-01-10,11.688,1,0,0.1539927589862297,0.06119260541163385,0.7848146172861258,1.0
2022-01-11,11.798,1,0,0.12473335423890282,0.027317219906870055,0.8479494250872556,1.0
2022-01-12,11.71,1,0,0.07462207973003387,0.02532883919775486,0.9000490605831146,1.0
2022-01-13,11.44,-1,0,0.06389083806425333,0.24496677960269153,0.6911424119025469,1.0
2022-01-14,11.432,-1,0,0.12490291986614466,0.2173851498713096,0.6577119082212448,1.0
2022-01-18,11.682,1,0,0.12967704643961042,0.09353463415754959,0.7767883292399347,1.0
2022-01-19,11.722,1,0,0.15607138809103233,0.08293894155380818,0.7609896843249981,1.0
2022-01-20,11.982,1,0,0.0683839125558734,0.02452272386290133,0.9070933684706688,1.0
2022-01-21,11.864,1,0,0.08233015172715698,0.032303496330444305,0.8853663631847927,1.0
2022-01-24,11.75,1,0,0.14571332403769097,0.06825690809637308,0.7860297548274199,1.0
2022-01-25,11.782,1,0,0.12420553217331569,0.12375804864697987,0.7520364241467582,1.0
2022-01-26,12.212,1,0,0.1631330728996545,0.03256453282665461,0.8043023976497352,1.0
2022-01-27,12.238,1,0,0.20114592229947448,0.022767619811929762,0.7760864491574466,-1.0
2022-01-28,12.222,1,0,0.14067741064354777,0.05330037046223879,0.8060222161002457,-1.0
2022-01-31,12.22,1,0,0.1265335247358855,0.04913937689407783,0.8243270889472436,1.0
2022-02-01,12.39,1,0,0.12562129843760939,0.023605090894681567,0.8507736114894643,1.0
2022-02-02,12.532,1,0,0.15327239483594896,0.018377279117703437,0.8283503174781799,1.0
2022-02-03,12.32,1,0,0.27028146517816287,0.16821708574345143,0.5615014449918064,1.0
2022-02-04,12.604,1,0,0.21271099553753933,0.03991611136330499,0.7473728828546073,1.0
2022-02-07,12.675999999999998,1,0,0.1088945238754667,0.09224333572362003,0.7988621403687987,1.0
2022-02-08,12.532,1,0,0.143820533528924,0.10060420609079301,0.7555752606131136,-1.0
2022-02-09,12.65,1,0,0.12048891049466635,0.025155136851887954,0.8543559532416495,-1.0
2022-02-10,12.31,-1,0,0.16147976231418157,0.025081294098574864,0.8134389378522572,-1.0
2022-02-11,12.398,-1,0,0.0839971283982907,0.11423947855031916,0.8017633887273925,1.0
2022-02-14,12.474,1,0,0.15975201223045588,0.1410836070717778,0.699164368212223,-1.0
2022-02-15,12.828,1,0,0.12799203528889588,0.045806902194661756,0.8262010525379863,1.0
2022-02-16,12.71,1,0,0.18698356533423066,0.10209765104809776,0.7109187983442098,1.0
2022-02-17,12.65,1,0,0.05767801851034164,0.05504029095172882,0.8872816920280456,1.0
2022-02-18,12.776,1,0,0.1435573898255825,0.034765410050749776,0.8216771841049194,-1.0
2022-02-22,12.62,1,0,0.18432118243848283,0.059440223360434176,0.7562385842204093,-1.0
2022-02-23,12.524,-1,0,0.14393884741834231,0.026320328137704303,0.82974083508764,1.0
2022-02-24,12.47,-1,0,0.07210904413035937,0.017343162692018917,0.9105477929115295,-1.0
2022-02-25,12.438,-1,0,0.1035289317369461,0.013504104688763618,0.8829669356346129,-1.0
2022-02-28,12.714,1,0,0.09994915158798297,0.06837483642933269,0.8316760137677193,-1.0
2022-03-01,12.552,-1,0,0.07998866546485159,0.024492643049193755,0.8955186936590407,-1.0
2022-03-02,12.662,1,0,0.06306004375219346,0.029319227486848832,0.9076207160949707,1.0
2022-03-03,12.718,1,0,0.09457633197307586,0.024307286739349364,0.8811163783073426,1.0
2022-03-04,12.67,1,0,0.3049937534545149,0.03841740478362356,0.6565888646457877,1.0
2022-03-07,12.316,-1,0,0.06903814276059468,0.03929340715209643,0.8916684339443842,1.0
2022-03-08,12.144,-1,0,0.1850235659096922,0.02129605146391051,0.7936803783689227,1.0
2022-03-09,12.62,1,0,0.11308726901188493,0.23642563470639288,0.6504870876669884,1.0
2022-03-10,12.504,-1,0,0.13959420438517223,0.033170977014709606,0.8272348154674877,1.0
2022-03-11,12.496,-1,0,0.193072671815753,0.12297440441325307,0.6839529126882553,1.0
2022-03-14,12.254,-1,0,0.29307769797742367,0.031897320644930005,0.6750249648466706,1.0
2022-03-15,12.24,-1,0,0.10439416859298944,0.13983110268600285,0.7557747170794755,1.0
2022-03-16,12.755999999999998,1,0,0.09332781630967345,0.06387065257877113,0.8428015666348594,-1.0
2022-03-17,12.858,1,0,0.17669970435755594,0.02762376836368016,0.7956765294075012,-1.0
2022-03-18,12.912,1,0,0.06512287482619286,0.1085250835865736,0.8263520300388336,-1.0
2022-03-21,12.856,1,0,0.13159842871957356,0.04111072741862801,0.8272908429304758,1.0
2022-03-22,12.92,1,0,0.057717533161242805,0.022167466580867767,0.9201149940490723,-1.0
2022-03-23,13.144,1,0,0.3004195038229227,0.04628808004781604,0.6532924068160355,-1.0
2022-03-24,13.244000000000002,1,0,0.22818820774555207,0.09208115814253688,0.6797306314110756,-1.0
2022-03-25,13.422,1,0,0.09057608551599762,0.06083371151577343,0.8485901978882876,-1.0
2022-03-28,13.432,1,0,0.264881175942719,0.025590758188627664,0.709528086706996,-1.0
2022-03-29,13.52,1,1,0.08599947310156292,0.12773991314073405,0.7862606313493516,-1.0
2022-03-30,12.838,-1,0,0.1628039085234587,0.08210145209271175,0.7550946454016062,1.0
2022-03-31,12.582,-1,0,0.07209993340075016,0.16811136566102505,0.7597886967162292,-1.0
2022-04-01,12.968,-1,0,0.08184961974620819,0.12459943576582841,0.7935509420931339,-1.0
2022-04-04,13.07,1,0,0.09153068761030833,0.06171426841368278,0.8467550416787465,-1.0
2022-04-05,12.668,-1,0,0.19856266242762408,0.03828899096697569,0.7631483276685079,-1.0
2022-04-06,12.774,-1,0,0.06403738756974538,0.05075054708868265,0.8852120836575826,-1.0
2022-04-07,12.776,-1,0,0.49077648110687727,0.018751011230051514,0.4904725290834904,-1.0
2022-04-08,12.844,-1,0,0.08082847073674201,0.0392641231417656,0.8799074411392211,-1.0
2022-04-11,12.672,-1,0,0.06415323753442083,0.039637682892914326,0.8962090696607318,-1.0
2022-04-12,12.738,-1,0,0.0660085284284183,0.11294597573578358,0.8210455008915493,-1.0
2022-04-13,12.9,1,0,0.15611144341528416,0.03785053631290793,0.8060380101203919,-1.0
2022-04-14,12.684,-1,0,0.48684336990118027,0.015445520868524909,0.4977111238986254,-1.0
2022-04-18,12.546,-1,0,0.12100475015384811,0.0936229185733412,0.7853723445108959,-1.0
2022-04-19,12.654000000000002,-1,-1,0.04513882827013731,0.20120121501386165,0.7536599695682525,-1.0
2022-04-20,12.49,-1,0,0.32013694395621617,0.13638379195084174,0.5434792632857959,-1.0
2022-04-21,12.342,-1,-1,0.04322653263807297,0.025516898681720093,0.9312565525372823,-1.0
2022-04-22,12.262,-1,-1,0.14761949346090356,0.07317486366567512,0.7792056575417519,-1.0
2022-04-25,12.374,-1,-1,0.15060628917725646,0.11919551737168256,0.7301981868770193,-1.0
2022-04-26,11.852,-1,0,0.11256661552649277,0.033189169023759096,0.8542442115453573,-1.0
2022-04-27,11.896,-1,0,0.2270316006615758,0.017056981334462762,0.7559114247560501,-1.0
2022-04-28,11.5,-1,-1,0.14862755462527275,0.10301351491361857,0.7483589500188828,-1.0
2022-04-29,11.396,-1,-1,0.10818899050354958,0.018650857731699944,0.8731601387262344,-1.0
2022-05-02,11.136,-1,-1,0.0626318184658885,0.3229121296451642,0.6144560496681012,-1.0
2022-05-03,11.19,-1,-1,0.08137335442006588,0.01724031288176775,0.9013863205909729,-1.0
2022-05-04,11.408,-1,0,0.18503859639167786,0.04057963999609152,0.7743817766507467,1.0
2022-05-05,11.08,-1,0,0.09562193183228374,0.13478799094446003,0.7695900979451835,1.0
2022-05-06,10.998,-1,0,,,,1.0
2022-05-09,10.632,-1,0,0.12403861937277458,0.03928491801900022,0.8366764759754434,1.0
2022-05-10,10.84,-1,0,0.13233746026225132,0.13148808723379826,0.7361744454708593,1.0
2022-05-11,10.98,-1,0,0.0912642024923116,0.12434388243127614,0.7843919191509485,-1.0
2022-05-12,11.12,-1,0,0.12446118053048849,0.08182910604712863,0.7937097251415253,-1.0
2022-05-13,11.114,-1,0,0.16253065690398216,0.09204715477923552,0.7454221891860168,-1.0
2022-05-16,10.914,-1,0,0.1358147751307115,0.10323494032490999,0.7609502852428705,-1.0
2022-05-17,11.112,-1,0,0.11312552479406197,0.159269659469525,0.7276048262914022,-1.0
2022-05-18,11.384,1,0,0.08453603554517031,0.07007406619377435,0.8453898869454861,-1.0
2022-05-19,11.52,1,0,0.24714584788307548,0.04140567717452844,0.7114484786676863,-1.0
2022-05-20,11.526,1,0,0.07803503962026702,0.08238797179526752,0.8395769761668311,-1.0
2022-05-23,11.674,1,0,0.11951281130313873,0.027674597315490247,0.8528125703334808,-1.0
2022-05-24,11.68,1,0,0.0982972264289856,0.02328566312789917,0.8784170985221863,-1.0
2022-05-25,11.292,-1,1,0.10418637841939926,0.07973124086856842,0.8160824080308279,-1.0
2022-05-26,11.36,-1,1,0.16456697260340056,0.07706863945350051,0.7583643620212873,-1.0
2022-05-27,11.218,-1,1,0.12694647582247853,0.03337382117751986,0.8396796733140945,-1.0
2022-05-31,11.12,-1,1,0.06819779476658865,0.040432958736677065,0.8913692263039675,-1.0
2022-06-01,11.142,-1,0,0.04139599949121475,0.032463572919368744,0.9261404871940612,-1.0
2022-06-02,11.112,-1,0,0.05144594503300531,0.02742831808115755,0.9211257100105286,-1.0
2022-06-03,10.884,-1,0,0.07028742879629135,0.020937187907596425,0.9087753593921661,-1.0
2022-06-06,11.044,-1,0,0.16875632231434187,0.06365268211811781,0.7675909747680029,-1.0
2022-06-07,11.024,-1,0,0.07975737885995345,0.09782451780682261,0.8224180862307549,-1.0
2022-06-08,10.928,-1,0,0.09460822306573391,0.06828742718789726,0.8371043428778648,-1.0
2022-06-09,11.05,-1,0,0.04694953039288521,0.18700653798878192,0.7660439282655715,1.0
2022-06-10,10.822,-1,0,0.11459381878376007,0.08650748578033277,0.7988987139293126,1.0
2022-06-13,10.59,-1,0,0.07216596826910973,0.021777222864329815,0.906056821346283,1.0
2022-06-14,10.582,-1,0,0.10187044478952885,0.25167845347896217,0.6464511031284929,1.0
2022-06-15,10.55,-1,0,0.09580686005453269,0.3522815328712265,0.5519116021071871,1.0
2022-06-16,10.456,-1,0,0.16009990591555834,0.22640103939920664,0.6134990453720093,-1.0
2022-06-17,10.43,-1,0,0.065499405687054,0.059155382215976715,0.8753451903661092,1.0
2022-06-21,10.604,-1,0,0.07293929946091439,0.10669782550798522,0.8203628593020968,1.0
2022-06-22,10.56,-1,0,0.09948307555168867,0.04746797448024154,0.8530489802360535,1.0
2022-06-23,10.644,-1,0,0.09159959107637405,0.017017450494070847,0.8913829922676086,-1.0
2022-06-24,10.83,1,0,,,,-1.0
2022-06-27,10.774,1,0,0.11426855676940509,0.07098615156220538,0.814745272908892,1.0
2022-06-28,10.83,1,0,0.05973117845132947,0.030519014690071344,0.909749798476696,1.0
2022-06-29,10.798,1,0,0.5606558099389076,0.014657731167972088,0.42468638718128204,1.0
2022-06-30,10.764,1,0,0.08105878633531657,0.02725436817854643,0.8916868567466736,1.0
2022-07-01,10.642,-1,0,0.07775583537295461,0.02625610982067883,0.8959880471229553,1.0
2022-07-05,10.812,1,0,0.13295124429795477,0.10460974658942884,0.7624390092160966,1.0
2022-07-06,10.808,1,0,0.04531035075585047,0.058688415214419365,0.8960012396176656,1.0
2022-07-07,10.814,1,0,0.14032867625355722,0.05977269783616066,0.7998985946178436,1.0
2022-07-08,10.7,-1,0,0.3039558710796492,0.02110433458749737,0.6749398133584431,1.0
2022-07-11,10.712,-1,0,0.05994398540092839,0.028334210626780987,0.9117218057314554,1.0
2022-07-12,10.882,1,0,0.145600286933283,0.08342812148233254,0.7709715565045675,-1.0
2022-07-13,10.94,1,0,0.11336324736475945,0.040799486264586446,0.8458372354507446,-1.0
2022-07-14,10.856,1,0,0.09802549183368683,0.02341089304536581,0.8785636246204376,1.0
2022-07-15,11.238,1,0,0.1550993708272775,0.08232153598219157,0.7625791092713674,1.0
2022-07-18,11.27,1,0,0.17432296010000364,0.06382407786856804,0.7618529609670597,1.0
2022-07-19,11.056,1,0,0.0791714422404766,0.0283485671505332,0.8924800038337708,-1.0
2022-07-20,11.212,1,0,0.1798851571299813,0.1088951424780217,0.7112197076732462,-1.0
2022-07-21,11.2,1,0,0.10610123872756957,0.20821146965026854,0.6856873124837876,-1.0
2022-07-22,11.232,1,0,0.06849648244678974,0.024397847242653363,0.9071056544780731,-1.0
2022-07-25,11.136,1,0,0.1140928693736593,0.18409635731950405,0.7018107641488314,-1.0
2022-07-26,10.89,-1,0,0.06318532675504683,0.034189723432064056,0.9026249051094056,-1.0
2022-07-27,11.056,-1,0,0.04387089672187964,0.3383093693604072,0.6178197516128421,-1.0
2022-07-28,11.162,1,0,,,,-1.0
2022-07-29,11.2,1,0,0.03921388710538546,0.31300667859613895,0.6477794448534647,-1.0
2022-08-01,11.17,1,0,0.051039704432090126,0.028222320601344098,0.9207379619280497,1.0
2022-08-02,10.906,-1,0,0.24954388787349066,0.028111154834429424,0.722344974676768,1.0
2022-08-03,10.45,-1,0,0.13633676186307436,0.2110818190137959,0.6525814119571199,1.0
2022-08-04,10.724,-1,0,0.21186769800260663,0.060524645649517574,0.7276076385751367,1.0
2022-08-05,10.812,-1,0,0.1257030659665664,0.11077903800954421,0.7635178938508034,1.0
2022-08-08,10.648,-1,0,0.08249240252189338,0.30795460706576705,0.6095529738813639,-1.0
2022-08-09,10.52,-1,0,0.0773201963553826,0.09720616989458601,0.8254736264546713,-1.0
2022-08-10,10.77,-1,0,0.35325348749756813,0.1568619254976511,0.48988459166139364,-1.0
2022-08-11,10.788,-1,0,0.060928640266259514,0.31314693453411263,0.6259244208534559,-1.0
2022-08-12,10.788,-1,0,0.06653178483247757,0.02178782783448696,0.9116804301738739,-1.0
2022-08-15,10.836,1,0,0.11550214402377605,0.3102847957983613,0.5742130503058434,-1.0
2022-08-16,10.876,1,0,0.09560628359516461,0.024844451807439327,0.8795492649078369,-1.0
2022-08-17,11.008,1,0,0.13658113529284796,0.20113545997689167,0.6622833609580994,-1.0
2022-08-18,11.222,1,0,0.1298096925020218,0.024019000120460987,0.8461713075637818,-1.0
2022-08-19,10.93,1,0,0.09327979965342416,0.14533336853815448,0.7613868382241991,-1.0
2022-08-22,10.856,-1,0,0.03992670588195324,0.21509883143007755,0.7449744760990142,-1.0
2022-08-23,10.862,-1,0,0.04130592569708824,0.026918087154626846,0.93177596728007,-1.0
2022-08-24,10.588,-1,0,0.052168503403663635,0.45097116753458977,0.4968603514134884,-1.0
2022-08-25,10.648,-1,-1,0.16151457812104905,0.05533066711255482,0.7831547515732902,-1.0
2022-08-26,10.44,-1,-1,0.03282872587442398,0.02323866635560989,0.9439325928688048,1.0
2022-08-29,10.35,-1,-1,0.07904520332813263,0.2188167054206133,0.7021380975842476,1.0
2022-08-30,10.286,-1,-1,0.0923822671175003,0.0926545496719579,0.814963181813558,1.0
2022-08-31,10.22,-1,-1,0.10674692690372467,0.023978590965271,0.8692744374275208,1.0
2022-09-01,10.17,-1,-1,0.10742062777280807,0.2132129654288292,0.6793664023280144,1.0
2022-09-02,10.06,-1,-1,0.2090868324573551,0.025720994121262004,0.7651921680995396,1.0
2022-09-06,10.03,-1,-1,0.1595184300094843,0.021675819686303537,0.8188057641188305,1.0
2022-09-07,10.04,-1,-1,0.05555685982108116,0.031424088669674735,0.913019061088562,-1.0
2022-09-08,10.12,-1,-1,0.09192702174186708,0.015835169702768326,0.8922378420829773,1.0
2022-09-09,10.22,-1,-1,0.2473868854343891,0.02495754323899746,0.727655565738678,-1.0
2022-09-12,10.36,1,0,0.05026397007432851,0.11457373337312178,0.8351622711528431,-1.0
2022-09-13,10.612,1,0,0.20765345692634582,0.046648849200989516,0.7456976856504168,-1.0
2022-09-14,10.80788,1,0,0.11614440594400678,0.022288291848131588,0.8615673099245343,-1.0
2022-09-15,10.838,1,0,0.2701239325106144,0.060285227203911,0.6695908479053866,-1.0
2022-09-16,10.666,1,0,0.08247808118661244,0.027288471969465416,0.8902334173520406,-1.0
2022-09-19,10.69,1,0,0.07749168388545513,0.03268898418173194,0.889819324016571,-1.0
2022-09-20,10.67,1,0,0.07727489713579416,0.023513844702392817,0.8992113023996353,1.0
2022-09-21,10.57,-1,0,0.05242731918891271,0.2032384021828572,0.7443343003590902,-1.0
2022-09-22,10.74,1,0,0.06911563687026501,0.030679870396852493,0.9002045094966888,-1.0
2022-09-23,10.52,-1,0,0.06502401642501354,0.03929724978903929,0.8956787387530009,-1.0
2022-09-26,10.304,-1,0,0.08907212210553032,0.02569662606609719,0.8852312564849854,-1.0
2022-09-27,10.394,-1,0,0.35723869362846017,0.026712115737609565,0.6160491784103215,-1.0
2022-09-28,10.428,-1,0,0.025704002939164635,0.1555542964488268,0.8187417089939117,-1.0
2022-09-29,10.298,-1,0,0.22655593840913338,0.06127063074911183,0.7121734334663912,1.0
2022-09-30,10.194,-1,0,0.050524646788835524,0.22391289621591567,0.7255624324083328,-1.0
2022-10-03,10.02002,-1,0,0.0866811508933703,0.02291184707234303,0.8904069940249125,-1.0
2022-10-04,10.74,1,0,0.1194965038115957,0.08052182689841304,0.7999816721837435,-1.0
2022-10-05,10.39,-1,0,0.0739545589312911,0.024819497426506132,0.9012259393930435,-1.0
2022-10-06,10.34,-1,0,0.08340017171576619,0.05176160888125499,0.8648381978273392,-1.0
2022-10-07,10.27,-1,0,0.08104419490943353,0.14493125258013606,0.7740245386958122,-1.0
2022-10-10,10.2,-1,0,0.045099350727266736,0.03735946656929122,0.9175411727693346,-1.0
2022-10-11,10.1401,-1,0,0.07425875309854746,0.02596167102456093,0.8997795681158701,-1.0
2022-10-12,10.17,-1,0,0.062497563660144806,0.016939342953264713,0.9205630932535444,1.0
2022-10-13,10.3103,1,0,0.04918389022350311,0.02055466330299775,0.9302614132563273,-1.0
2022-10-14,10.24,-1,0,0.0682494438120297,0.1490452310868672,0.7827053266976561,-1.0
2022-10-17,10.25,-1,0,0.08763669120768706,0.02314395612726609,0.8892193337281545,-1.0
2022-10-18,10.2,-1,0,0.060264641791582106,0.031413040682673456,0.9083223223686219,1.0
2022-10-19,9.99,-1,0,0.1111168935894966,0.025157313793897632,0.8637257218360901,1.0
2022-10-20,10.05,-1,0,0.11286543558041255,0.012812498025596142,0.8743220567703247,-1.0
2022-10-21,10.18,-1,0,0.11296852553884189,0.3094722144305706,0.5775592625141144,1.0
2022-10-24,10.01,-1,0,0.11404851824045181,0.13500841560640506,0.750943049788475,1.0
2022-10-25,10.1,-1,0,0.042302317917346954,0.32598524416486424,0.631712426741918,-1.0
2022-10-26,10.29,1,0,0.2282630555331707,0.026682082936167716,0.7450548753142356,-1.0
2022-10-27,10.075,-1,0,0.1781101773182551,0.016798108195265133,0.8050917188326517,1.0
2022-10-28,10.07,-1,0,0.05745028331875801,0.02541726059280336,0.9171324372291565,1.0
2022-10-31,10.12,-1,0,0.048889586701989174,0.2666702911257744,0.6844401448965073,-1.0
2022-11-01,10.15,1,0,0.07546972359220187,0.021115403932829697,0.9034148653348287,1.0
2022-11-02,10.17,1,0,0.05480707250535488,0.023921463017662365,0.9212714533011118,1.0
2022-11-03,10.1,-1,0,0.09126174574096997,0.01693585483978192,0.8918023904164633,1.0
2022-11-04,10.18,1,0,0.2704232931137085,0.07302364986389875,0.6565530523657799,1.0
2022-11-07,10.44,1,0,0.1565600613830611,0.025015991821419448,0.8184239389374852,1.0
2022-11-08,9.99,-1,0,0.11838899621658999,0.14860948871659196,0.7330015073327915,1.0
2022-11-09,9.81,-1,0,0.153349983451121,0.1442293185083305,0.7024206898229963,1.0
2022-11-10,10.26,1,0,0.21278869999306543,0.04747612514932241,0.7397351626838956,1.0
2022-11-11,10.32,1,0,0.09399362513795495,0.02394759573508054,0.8820587694644928,1.0
2022-11-14,10.14,-1,0,0.1044837727677077,0.025099133141338825,0.870417095720768,1.0
2022-11-15,10.27,1,0,0.08946292847394943,0.030523311812430627,0.8800137639045715,1.0
2022-11-16,10.33,1,0,0.09440096041985921,0.02480238795812641,0.8807966453688485,1.0
2022-11-17,10.43,1,0,0.18686958868056536,0.01794113335199654,0.7951892614364624,1.0
2022-11-18,10.51,1,0,0.3028284301981331,0.024242192273959517,0.6729293959215283,-1.0
2022-11-21,10.37,1,0,0.22670349990949035,0.024685020733159035,0.7486114811617881,-1.0
2022-11-22,10.5,1,0,0.08521686540916562,0.03996891342103481,0.8748141825199127,1.0
2022-11-23,10.63,1,0,0.2711140410974622,0.02512172721326351,0.7037642240524292,-1.0
2022-11-25,10.63,1,0,0.07733005397021771,0.02897602114826441,0.8936939001083374,-1.0
2022-11-28,10.54,1,0,0.0682244126040202,0.02111675446996322,0.9106588271948007,-1.0
2022-11-29,10.59,1,0,0.05241445638239384,0.048086496690909065,0.8994990189870199,-1.0
2022-11-30,10.73,1,0,0.1277752026087708,0.08803408313542604,0.7841907309161292,1.0
2022-12-01,10.58,1,1,0.07647904846817255,0.022683161310851574,0.9008377939462662,-1.0
2022-12-02,10.56,1,1,0.030143536627292637,0.02709008753299713,0.9427663683891296,-1.0
2022-12-05,10.34,-1,0,0.1030799481086433,0.10974241094663739,0.7871776260435581,-1.0
2022-12-06,10.43,-1,0,0.10434582084417342,0.022856349125504494,0.8727978269259135,1.0
2022-12-07,10.51,1,0,0.14957882102359743,0.13732691769323804,0.7130942616392585,1.0
2022-12-08,10.44,-1,0,0.10019041209792097,0.32056824831912917,0.5792413366337618,1.0
2022-12-09,10.39,-1,0,0.2402978471169869,0.025656392176946003,0.734045738975207,1.0
2022-12-12,10.34,-1,0,0.07870488592351858,0.09615818661852525,0.8251369131299165,1.0
2022-12-13,10.39,-1,0,0.044938767328858376,0.02449352666735649,0.9305677115917206,-1.0
2022-12-14,10.49,1,0,0.09218899197876454,0.06723584719002247,0.8405751466751099,1.0
2022-12-15,10.24,-1,0,0.046502184536721974,0.03798739715582795,0.9155104160308838,-1.0
2022-12-16,10.14,-1,0,0.07776559460908175,0.20595150496810674,0.7162829261273146,
2022-12-19,10.145,-1,0,0.06767654158174992,0.03273264802992344,0.899590790271759,
2022-12-20,10.42,1,0,0.21783055737614632,0.022389650189628203,0.759779803454876,
2022-12-21,10.44,1,0,0.06178065296262503,0.033756622578948736,0.9044627249240875,
2022-12-22,10.49,1,0,0.039783798158168786,0.041091330349445336,0.9191248416900636,
2022-12-23,10.52,1,0,0.07748599909245968,0.018041620729491115,0.9044723659753799,
2022-12-27,10.41,1,0,0.08804769513921605,0.04801506885430879,0.8639372222953372,
2022-12-28,10.37,-1,0,0.061889740522019565,0.13425325695425272,0.8038569688796997,
2022-12-29,10.53,1,0,0.09693148508667945,0.021339285001158715,0.8817292213439941,
2022-12-30,10.42,-1,0,0.0887664258480072,0.02766563929617405,0.8835679093996683,
